rep,target_prevalence,algo,arm,auroc,brier,ece10,ece20,calib_slope,calib_intercept,mean_predicted,observed_rate,nb_at_prevalence,nb_at_0.20,nb_positive_up_to,alpha_used
0,0.05,logreg,unweighted,0.7926,0.0446,0.0093,0.0135,0.982,-0.044,0.05,0.05,0.0229,0.0019,0.28,
0,0.05,logreg,weighted,0.7931,0.1773,0.3316,0.3316,0.813,-2.911,0.3816,0.05,0.0005,-0.1411,0.05,
0,0.05,rf,unweighted,0.7782,0.0432,0.0036,0.0083,0.866,-0.33,0.0507,0.05,0.0218,0.004,0.45,
0,0.05,rf,weighted,0.7754,0.089,0.1742,0.1742,0.959,-1.994,0.2242,0.05,0.005,-0.0591,0.05,
0,0.05,hgb,unweighted,0.7765,0.0463,0.0192,0.0197,0.606,-0.863,0.0468,0.05,0.0209,0.0012,0.23,
0,0.05,hgb,weighted,0.7629,0.1011,0.1569,0.1569,0.54,-2.238,0.2069,0.05,0.0132,-0.046,0.07,
0,0.1,logreg,unweighted,0.7976,0.0796,0.0228,0.0228,0.971,-0.054,0.0999,0.1,0.0463,0.0242,0.39,
0,0.1,logreg,weighted,0.7993,0.1779,0.2928,0.2928,0.833,-2.169,0.3928,0.1,0.0044,-0.0793,0.1,
0,0.1,rf,unweighted,0.8066,0.0772,0.0069,0.0094,0.948,-0.093,0.1005,0.1,0.049,0.0291,0.39,
0,0.1,rf,weighted,0.804,0.1228,0.1845,0.1845,1.01,-1.563,0.2845,0.1,0.0179,-0.0292,0.12,
0,0.1,hgb,unweighted,0.7767,0.0835,0.0293,0.0301,0.647,-0.564,0.0959,0.1,0.0445,0.0215,0.32,
0,0.1,hgb,weighted,0.7669,0.1406,0.1823,0.1842,0.6,-1.741,0.2823,0.1,0.0246,-0.0258,0.14,
0,0.15,logreg,unweighted,0.7861,0.1102,0.0262,0.03,0.992,-0.011,0.1499,0.15,0.0663,0.052,0.5,
0,0.15,logreg,weighted,0.7865,0.1872,0.2673,0.2673,0.867,-1.72,0.4173,0.15,0.0133,-0.0289,0.16,
0,0.15,rf,unweighted,0.7883,0.1055,0.0065,0.0133,0.984,-0.028,0.1507,0.15,0.0682,0.0544,0.6,
0,0.15,rf,weighted,0.7866,0.1487,0.1889,0.1889,1.029,-1.31,0.3389,0.15,0.0272,-0.0003,0.19,
0,0.15,hgb,unweighted,0.7674,0.1105,0.0257,0.0284,0.732,-0.347,0.1472,0.15,0.063,0.0521,0.46,
0,0.15,hgb,weighted,0.7581,0.1635,0.1903,0.1922,0.683,-1.428,0.34,0.15,0.0312,0.0017,0.2,
0,0.2,logreg,unweighted,0.7858,0.1333,0.0401,0.0422,0.989,-0.015,0.2002,0.2,0.091,0.091,0.54,
0,0.2,logreg,weighted,0.7857,0.1866,0.2298,0.2298,0.892,-1.375,0.4298,0.2,0.0257,0.0257,0.23,
0,0.2,rf,unweighted,0.7889,0.1283,0.0086,0.0116,0.978,-0.027,0.2004,0.2,0.0934,0.0934,0.57,
0,0.2,rf,weighted,0.7861,0.1619,0.1709,0.1709,1.011,-1.086,0.3709,0.2,0.0442,0.0442,0.43,
0,0.2,hgb,unweighted,0.7726,0.1344,0.0289,0.0318,0.731,-0.277,0.1979,0.2,0.0887,0.0887,0.53,
0,0.2,hgb,weighted,0.7709,0.1724,0.1723,0.1723,0.719,-1.154,0.3685,0.2,0.0523,0.0523,0.34,
0,0.3,logreg,unweighted,0.7959,0.1607,0.0383,0.042,0.988,-0.009,0.3,0.3,0.1407,0.1762,0.6,
0,0.3,logreg,weighted,0.7961,0.1823,0.1487,0.1487,0.947,-0.84,0.4487,0.3,0.0924,0.1477,0.6,
0,0.3,rf,unweighted,0.8028,0.1549,0.0208,0.0262,0.993,-0.007,0.3003,0.3,0.1459,0.175,0.6,
0,0.3,rf,weighted,0.8025,0.1695,0.1146,0.1152,1.016,-0.676,0.4146,0.3,0.1169,0.1652,0.6,
0,0.3,hgb,unweighted,0.7904,0.1619,0.0356,0.0372,0.777,-0.142,0.2991,0.3,0.1379,0.1715,0.6,
0,0.3,hgb,weighted,0.7894,0.1777,0.1186,0.1202,0.772,-0.724,0.4151,0.3,0.1143,0.1658,0.6,
0,0.4,logreg,unweighted,0.7811,0.1855,0.0269,0.0333,0.989,-0.006,0.4002,0.4,0.1732,0.2727,0.6,
0,0.4,logreg,weighted,0.7811,0.1906,0.0771,0.0771,0.967,-0.404,0.4771,0.4,0.1603,0.2662,0.6,
0,0.4,rf,unweighted,0.788,0.1809,0.0179,0.0211,1.008,0.005,0.3995,0.4,0.1812,0.274,0.6,
0,0.4,rf,weighted,0.788,0.1848,0.0605,0.0605,1.02,-0.325,0.4605,0.4,0.1706,0.2702,0.6,
0,0.4,hgb,unweighted,0.7692,0.19,0.0392,0.0397,0.755,-0.074,0.3987,0.4,0.1686,0.2676,0.6,
0,0.4,hgb,weighted,0.7695,0.1942,0.0694,0.0719,0.754,-0.347,0.461,0.4,0.1603,0.2676,0.6,
0,0.5,logreg,unweighted,0.7941,0.185,0.0273,0.0295,0.993,-0.001,0.5,0.5,0.2308,0.3828,0.6,
0,0.5,logreg,weighted,0.7941,0.185,0.0273,0.0295,0.993,-0.001,0.5,0.5,0.2308,0.3828,0.6,
0,0.5,rf,unweighted,0.7969,0.1824,0.011,0.0149,1.007,-0.0,0.5001,0.5,0.233,0.3852,0.6,
0,0.5,rf,weighted,0.7968,0.1824,0.012,0.017,1.007,-0.0,0.5001,0.5,0.2338,0.3861,0.6,
0,0.5,hgb,unweighted,0.7822,0.1899,0.0342,0.0346,0.775,-0.016,0.5014,0.5,0.2197,0.3819,0.6,
0,0.5,hgb,weighted,0.7822,0.1899,0.0342,0.0346,0.775,-0.016,0.5014,0.5,0.2197,0.3819,0.6,
1,0.05,logreg,unweighted,0.7927,0.0455,0.0099,0.0157,0.963,-0.1,0.0502,0.05,0.0227,0.0007,0.21,
1,0.05,logreg,weighted,0.7919,0.1801,0.3322,0.3322,0.737,-2.907,0.3822,0.05,0.0011,-0.14,0.05,
1,0.05,rf,unweighted,0.7863,0.0441,0.0061,0.0065,0.86,-0.339,0.0503,0.05,0.022,0.003,0.29,
1,0.05,rf,weighted,0.78,0.089,0.1715,0.1715,0.935,-1.978,0.2215,0.05,0.0055,-0.0561,0.05,
1,0.05,hgb,unweighted,0.7601,0.0465,0.0216,0.0234,0.562,-0.957,0.0451,0.05,0.0186,-0.0007,0.18,
1,0.05,hgb,weighted,0.7439,0.1027,0.153,0.153,0.49,-2.255,0.203,0.05,0.0126,-0.0453,0.07,
1,0.1,logreg,unweighted,0.7726,0.0815,0.0158,0.0165,0.971,-0.056,0.1,0.1,0.0407,0.0167,0.4,
1,0.1,logreg,weighted,0.7731,0.1908,0.3112,0.3112,0.862,-2.177,0.4112,0.1,0.0031,-0.0898,0.1,
1,0.1,rf,unweighted,0.7742,0.0806,0.0062,0.0115,0.917,-0.155,0.1006,0.1,0.0436,0.0211,0.33,
1,0.1,rf,weighted,0.7701,0.1331,0.2,0.2,0.945,-1.612,0.3,0.1,0.0153,-0.0425,0.12,
1,0.1,hgb,unweighted,0.7549,0.0849,0.0291,0.0291,0.625,-0.63,0.0962,0.1,0.0396,0.0167,0.32,
1,0.1,hgb,weighted,0.7457,0.1486,0.1942,0.195,0.576,-1.776,0.2942,0.1,0.0227,-0.0318,0.13,
1,0.15,logreg,unweighted,0.7999,0.1072,0.0287,0.0311,0.973,-0.04,0.15,0.15,0.0708,0.0587,0.49,
1,0.15,logreg,weighted,0.8008,0.1772,0.2552,0.2552,0.862,-1.71,0.4052,0.15,0.0169,-0.0244,0.16,
1,0.15,rf,unweighted,0.7988,0.1022,0.0107,0.0179,0.973,-0.033,0.1496,0.15,0.0742,0.0613,0.52,
1,0.15,rf,weighted,0.7955,0.1423,0.182,0.182,1.023,-1.306,0.332,0.15,0.029,-0.0013,0.19,
1,0.15,hgb,unweighted,0.7754,0.1078,0.0245,0.0275,0.714,-0.373,0.148,0.15,0.0672,0.0567,0.52,
1,0.15,hgb,weighted,0.7726,0.1554,0.1831,0.1869,0.708,-1.433,0.3331,0.15,0.035,0.007,0.21,
1,0.2,logreg,unweighted,0.7748,0.1343,0.0292,0.0319,0.978,-0.027,0.2,0.2,0.0855,0.0855,0.56,
1,0.2,logreg,weighted,0.7754,0.19,0.233,0.233,0.897,-1.376,0.433,0.2,0.0243,0.0243,0.23,
1,0.2,rf,unweighted,0.774,0.1321,0.0155,0.017,0.958,-0.048,0.2001,0.2,0.084,0.084,0.53,
1,0.2,rf,weighted,0.7747,0.1658,0.1723,0.1723,1.006,-1.07,0.3723,0.2,0.0429,0.0429,0.32,
1,0.2,hgb,unweighted,0.7545,0.139,0.033,0.0332,0.696,-0.316,0.1961,0.2,0.0794,0.0794,0.52,
1,0.2,hgb,weighted,0.7498,0.1798,0.175,0.175,0.662,-1.154,0.3711,0.2,0.0499,0.0499,0.3,
1,0.3,logreg,unweighted,0.7721,0.167,0.0237,0.0323,0.986,-0.01,0.2999,0.3,0.1267,0.166,0.6,
1,0.3,logreg,weighted,0.7722,0.1914,0.1556,0.1556,0.96,-0.841,0.4556,0.3,0.0724,0.1416,0.6,
1,0.3,rf,unweighted,0.7707,0.1656,0.0169,0.0221,0.972,-0.021,0.3001,0.3,0.129,0.1609,0.6,
1,0.3,rf,weighted,0.7705,0.1821,0.1224,0.1224,0.996,-0.679,0.4224,0.3,0.0983,0.1474,0.6,
1,0.3,hgb,unweighted,0.7513,0.174,0.0383,0.0404,0.737,-0.184,0.2995,0.3,0.1166,0.1542,0.6,
1,0.3,hgb,weighted,0.7524,0.1928,0.1302,0.1302,0.743,-0.744,0.4266,0.3,0.0909,0.1501,0.59,
1,0.4,logreg,unweighted,0.7821,0.1856,0.0345,0.0378,0.994,-0.002,0.3999,0.4,0.1732,0.2711,0.6,
1,0.4,logreg,weighted,0.7821,0.1905,0.077,0.0792,0.971,-0.402,0.477,0.4,0.1654,0.2652,0.6,
1,0.4,rf,unweighted,0.7893,0.1798,0.013,0.0199,1.004,0.002,0.3999,0.4,0.1791,0.2722,0.6,
1,0.4,rf,weighted,0.7894,0.1836,0.0601,0.0603,1.018,-0.324,0.4601,0.4,0.1724,0.2659,0.6,
1,0.4,hgb,unweighted,0.7818,0.1843,0.0265,0.0342,0.81,-0.06,0.3994,0.4,0.1771,0.2708,0.6,
1,0.4,hgb,weighted,0.7805,0.189,0.0675,0.0719,0.81,-0.357,0.4627,0.4,0.1723,0.2672,0.6,
1,0.5,logreg,unweighted,0.7862,0.1891,0.027,0.0301,0.994,0.0,0.4999,0.5,0.2187,0.3836,0.6,
1,0.5,logreg,weighted,0.7862,0.1891,0.027,0.0301,0.994,0.0,0.4999,0.5,0.2187,0.3836,0.6,
1,0.5,rf,unweighted,0.7871,0.187,0.0093,0.0211,1.001,0.004,0.4992,0.5,0.2225,0.385,0.6,
1,0.5,rf,weighted,0.7875,0.1869,0.0097,0.0237,1.003,0.004,0.4992,0.5,0.2207,0.3853,0.6,
1,0.5,hgb,unweighted,0.7748,0.1937,0.0371,0.0432,0.774,-0.005,0.5005,0.5,0.2155,0.3801,0.6,
1,0.5,hgb,weighted,0.7748,0.1937,0.0371,0.0432,0.774,-0.005,0.5005,0.5,0.2155,0.3801,0.6,
2,0.05,logreg,unweighted,0.7628,0.0453,0.0091,0.0136,0.965,-0.09,0.05,0.05,0.0216,0.0015,0.24,
2,0.05,logreg,weighted,0.764,0.1857,0.3466,0.3466,0.8,-2.906,0.3966,0.05,0.0001,-0.1534,0.05,
2,0.05,rf,unweighted,0.7676,0.0439,0.0066,0.0091,0.874,-0.31,0.0503,0.05,0.0225,0.0043,0.24,
2,0.05,rf,weighted,0.7531,0.0888,0.1812,0.1812,0.993,-1.98,0.2312,0.05,0.003,-0.0698,0.05,
2,0.05,hgb,unweighted,0.7269,0.0468,0.0197,0.0202,0.543,-1.047,0.0457,0.05,0.0173,0.0001,0.2,
2,0.05,hgb,weighted,0.7035,0.1047,0.1639,0.1643,0.455,-2.329,0.2139,0.05,0.0086,-0.0553,0.06,
2,0.1,logreg,unweighted,0.7995,0.0792,0.0231,0.0246,0.987,-0.023,0.0999,0.1,0.0477,0.0241,0.42,
2,0.1,logreg,weighted,0.7994,0.1786,0.2927,0.2927,0.842,-2.17,0.3927,0.1,0.0066,-0.0784,0.1,
2,0.1,rf,unweighted,0.7993,0.0774,0.0083,0.0104,0.972,-0.047,0.0999,0.1,0.0473,0.0276,0.38,
2,0.1,rf,weighted,0.7982,0.1272,0.1938,0.1938,1.024,-1.597,0.2938,0.1,0.0168,-0.0273,0.12,
2,0.1,hgb,unweighted,0.7833,0.0806,0.0216,0.0216,0.696,-0.466,0.0948,0.1,0.0434,0.0223,0.41,
2,0.1,hgb,weighted,0.779,0.1395,0.1857,0.1857,0.658,-1.734,0.2857,0.1,0.0279,-0.0231,0.14,
2,0.15,logreg,unweighted,0.7774,0.11,0.0317,0.0321,0.981,-0.03,0.1501,0.15,0.0668,0.056,0.49,
2,0.15,logreg,weighted,0.7777,0.1877,0.2707,0.2707,0.881,-1.714,0.4207,0.15,0.01,-0.0345,0.16,
2,0.15,rf,unweighted,0.7865,0.1047,0.0082,0.0139,0.989,-0.02,0.1504,0.15,0.0662,0.0578,0.6,
2,0.15,rf,weighted,0.785,0.1482,0.1915,0.1915,1.041,-1.319,0.3415,0.15,0.0265,-0.0046,0.19,
2,0.15,hgb,unweighted,0.771,0.1098,0.0257,0.0284,0.737,-0.345,0.1476,0.15,0.0639,0.0528,0.48,
2,0.15,hgb,weighted,0.7703,0.16,0.1901,0.1928,0.718,-1.44,0.3401,0.15,0.0327,0.0048,0.21,
2,0.2,logreg,unweighted,0.7934,0.1295,0.0306,0.0322,0.985,-0.019,0.2,0.2,0.0917,0.0917,0.6,
2,0.2,logreg,weighted,0.7934,0.1821,0.2241,0.2241,0.913,-1.372,0.4241,0.2,0.0302,0.0302,0.24,
2,0.2,rf,unweighted,0.7913,0.1271,0.0155,0.0183,0.984,-0.018,0.2001,0.2,0.0923,0.0923,0.58,
2,0.2,rf,weighted,0.7909,0.1601,0.1679,0.1688,1.012,-1.077,0.3678,0.2,0.055,0.055,0.36,
2,0.2,hgb,unweighted,0.7731,0.1338,0.0292,0.0301,0.755,-0.242,0.1961,0.2,0.0859,0.0859,0.54,
2,0.2,hgb,weighted,0.7669,0.1733,0.1726,0.1737,0.72,-1.161,0.3702,0.2,0.0542,0.0542,0.34,
2,0.3,logreg,unweighted,0.7867,0.1636,0.0321,0.0337,0.991,-0.007,0.3001,0.3,0.1337,0.1719,0.6,
2,0.3,logreg,weighted,0.7868,0.1866,0.1517,0.1517,0.954,-0.842,0.4517,0.3,0.0881,0.1461,0.6,
2,0.3,rf,unweighted,0.787,0.1607,0.0117,0.0158,1.0,0.002,0.2998,0.3,0.1298,0.1722,0.6,
2,0.3,rf,weighted,0.7864,0.1769,0.1194,0.1194,1.022,-0.676,0.4194,0.3,0.1094,0.1536,0.6,
2,0.3,hgb,unweighted,0.7726,0.167,0.0294,0.0334,0.785,-0.146,0.3,0.3,0.1243,0.1638,0.6,
2,0.3,hgb,weighted,0.7701,0.1866,0.1246,0.1259,0.777,-0.738,0.4235,0.3,0.0988,0.1566,0.6,
2,0.4,logreg,unweighted,0.7879,0.1832,0.0458,0.0461,0.991,-0.004,0.4,0.4,0.1837,0.2715,0.6,
2,0.4,logreg,weighted,0.7878,0.1879,0.0773,0.0792,0.968,-0.402,0.4761,0.4,0.1697,0.2637,0.6,
2,0.4,rf,unweighted,0.7877,0.1803,0.0098,0.0221,0.99,-0.003,0.3999,0.4,0.1798,0.2734,0.6,
2,0.4,rf,weighted,0.7868,0.1847,0.0599,0.0601,0.995,-0.325,0.4599,0.4,0.1705,0.2697,0.6,
2,0.4,hgb,unweighted,0.7749,0.1867,0.031,0.0367,0.786,-0.07,0.3999,0.4,0.1744,0.2661,0.6,
2,0.4,hgb,weighted,0.7752,0.1909,0.069,0.0711,0.788,-0.356,0.4626,0.4,0.1674,0.2671,0.6,
2,0.5,logreg,unweighted,0.7924,0.1858,0.0301,0.0377,0.992,-0.001,0.5,0.5,0.2253,0.3815,0.6,
2,0.5,logreg,weighted,0.7924,0.1858,0.0301,0.0377,0.992,-0.001,0.5,0.5,0.2253,0.3815,0.6,
2,0.5,rf,unweighted,0.7937,0.1839,0.0144,0.0177,1.01,0.008,0.4986,0.5,0.2253,0.3835,0.6,
2,0.5,rf,weighted,0.7942,0.1837,0.0181,0.0226,1.01,0.008,0.4986,0.5,0.225,0.3845,0.6,
2,0.5,hgb,unweighted,0.7833,0.1904,0.0334,0.0335,0.781,-0.01,0.4999,0.5,0.2175,0.3798,0.6,
2,0.5,hgb,weighted,0.7833,0.1904,0.0334,0.0335,0.781,-0.01,0.4999,0.5,0.2175,0.3798,0.6,
3,0.05,logreg,unweighted,0.7641,0.0458,0.0059,0.0138,0.943,-0.15,0.05,0.05,0.0209,0.0011,0.21,
3,0.05,logreg,weighted,0.7671,0.1897,0.3498,0.3498,0.767,-2.903,0.3998,0.05,0.0003,-0.1503,0.05,
3,0.05,rf,unweighted,0.755,0.0445,0.005,0.0104,0.825,-0.435,0.0502,0.05,0.0198,0.0015,0.32,
3,0.05,rf,weighted,0.7409,0.0901,0.1779,0.1779,0.911,-1.994,0.2279,0.05,0.0032,-0.0662,0.05,
3,0.05,hgb,unweighted,0.7247,0.0465,0.0202,0.0202,0.536,-1.07,0.0453,0.05,0.0172,-0.0003,0.18,
3,0.05,hgb,weighted,0.6964,0.1064,0.1659,0.1676,0.452,-2.338,0.2159,0.05,0.0068,-0.0535,0.06,
3,0.1,logreg,unweighted,0.7906,0.0799,0.0241,0.0245,0.979,-0.038,0.0999,0.1,0.0465,0.0243,0.4,
3,0.1,logreg,weighted,0.7905,0.181,0.2995,0.2995,0.85,-2.168,0.3995,0.1,0.003,-0.0898,0.1,
3,0.1,rf,unweighted,0.7845,0.0786,0.0067,0.0204,0.925,-0.137,0.1005,0.1,0.0458,0.0275,0.55,
3,0.1,rf,weighted,0.7824,0.1277,0.1904,0.1904,0.955,-1.598,0.2904,0.1,0.0173,-0.0317,0.12,
3,0.1,hgb,unweighted,0.7698,0.0841,0.0287,0.0297,0.658,-0.552,0.0955,0.1,0.042,0.0203,0.32,
3,0.1,hgb,weighted,0.768,0.1412,0.1843,0.1843,0.628,-1.744,0.2843,0.1,0.0252,-0.0211,0.14,
3,0.15,logreg,unweighted,0.7887,0.1083,0.0248,0.0252,0.983,-0.025,0.15,0.15,0.0664,0.054,0.53,
3,0.15,logreg,weighted,0.7886,0.1834,0.2632,0.2632,0.875,-1.721,0.4132,0.15,0.0152,-0.0275,0.16,
3,0.15,rf,unweighted,0.7891,0.1052,0.0056,0.0151,0.969,-0.043,0.1502,0.15,0.0671,0.0566,0.51,
3,0.15,rf,weighted,0.7859,0.1471,0.1868,0.1868,1.015,-1.308,0.3368,0.15,0.025,-0.0008,0.19,
3,0.15,hgb,unweighted,0.7653,0.1118,0.0277,0.0336,0.703,-0.38,0.1457,0.15,0.0586,0.0495,0.47,
3,0.15,hgb,weighted,0.7588,0.1636,0.1904,0.1929,0.673,-1.438,0.3404,0.15,0.0307,0.0022,0.2,
3,0.2,logreg,unweighted,0.7889,0.1299,0.0264,0.0272,0.991,-0.01,0.1998,0.2,0.0904,0.0904,0.6,
3,0.2,logreg,weighted,0.789,0.1828,0.2254,0.2254,0.916,-1.373,0.4254,0.2,0.0287,0.0287,0.24,
3,0.2,rf,unweighted,0.7879,0.1263,0.0078,0.0152,0.987,-0.014,0.1999,0.2,0.0904,0.0904,0.6,
3,0.2,rf,weighted,0.7865,0.1591,0.1691,0.1696,1.028,-1.072,0.3691,0.2,0.0447,0.0447,0.45,
3,0.2,hgb,unweighted,0.7742,0.1308,0.0261,0.0278,0.741,-0.266,0.1969,0.2,0.086,0.086,0.59,
3,0.2,hgb,weighted,0.7695,0.1684,0.168,0.171,0.728,-1.153,0.3653,0.2,0.0502,0.0502,0.35,
3,0.3,logreg,unweighted,0.7918,0.1627,0.0375,0.0397,0.992,-0.008,0.3003,0.3,0.1375,0.1731,0.6,
3,0.3,logreg,weighted,0.7917,0.1846,0.151,0.151,0.943,-0.841,0.451,0.3,0.0884,0.1458,0.6,
3,0.3,rf,unweighted,0.7937,0.1583,0.014,0.0199,0.993,-0.002,0.2996,0.3,0.1379,0.1726,0.6,
3,0.3,rf,weighted,0.7938,0.1733,0.1164,0.1164,1.024,-0.67,0.4164,0.3,0.114,0.1559,0.6,
3,0.3,hgb,unweighted,0.7779,0.1658,0.0357,0.0357,0.761,-0.167,0.301,0.3,0.1332,0.1672,0.6,
3,0.3,hgb,weighted,0.7764,0.184,0.1258,0.1258,0.761,-0.735,0.421,0.3,0.1046,0.157,0.6,
3,0.4,logreg,unweighted,0.7921,0.1826,0.0464,0.0483,0.992,-0.003,0.3999,0.4,0.1839,0.2735,0.6,
3,0.4,logreg,weighted,0.7921,0.187,0.0777,0.0783,0.965,-0.402,0.4756,0.4,0.1745,0.2655,0.6,
3,0.4,rf,unweighted,0.7982,0.1765,0.0192,0.0207,1.017,0.003,0.4004,0.4,0.1894,0.2784,0.6,
3,0.4,rf,weighted,0.7981,0.1804,0.0597,0.0597,1.028,-0.327,0.4597,0.4,0.1797,0.275,0.6,
3,0.4,hgb,unweighted,0.7888,0.1818,0.0376,0.0415,0.795,-0.068,0.4007,0.4,0.1804,0.2763,0.6,
3,0.4,hgb,weighted,0.788,0.1865,0.071,0.073,0.792,-0.356,0.4615,0.4,0.1746,0.275,0.6,
3,0.5,logreg,unweighted,0.7939,0.1858,0.0301,0.0387,0.992,-0.001,0.5,0.5,0.2275,0.3838,0.6,
3,0.5,logreg,weighted,0.7939,0.1858,0.0301,0.0387,0.992,-0.001,0.5,0.5,0.2275,0.3838,0.6,
3,0.5,rf,unweighted,0.8002,0.1807,0.0142,0.0288,1.019,-0.002,0.5004,0.5,0.237,0.3843,0.6,
3,0.5,rf,weighted,0.8002,0.1807,0.018,0.0266,1.021,-0.001,0.5004,0.5,0.237,0.3841,0.6,
3,0.5,hgb,unweighted,0.7909,0.1862,0.0318,0.0372,0.796,-0.018,0.502,0.5,0.2268,0.3817,0.6,
3,0.5,hgb,weighted,0.7909,0.1862,0.0318,0.0372,0.796,-0.018,0.502,0.5,0.2268,0.3817,0.6,
4,0.05,logreg,unweighted,0.7922,0.0453,0.0072,0.0167,0.962,-0.095,0.0499,0.05,0.0229,0.0012,0.23,
4,0.05,logreg,weighted,0.7944,0.1799,0.3307,0.3307,0.741,-2.906,0.3807,0.05,0.0006,-0.1352,0.05,
4,0.05,rf,unweighted,0.7947,0.0442,0.0089,0.0129,0.862,-0.327,0.0501,0.05,0.022,-0.0007,0.51,
4,0.05,rf,weighted,0.7865,0.09,0.1669,0.1669,0.891,-1.99,0.2169,0.05,0.0089,-0.054,0.06,
4,0.05,hgb,unweighted,0.7462,0.0479,0.0232,0.0263,0.508,-1.108,0.045,0.05,0.0178,-0.002,0.15,
4,0.05,hgb,weighted,0.7334,0.1071,0.1548,0.1562,0.434,-2.288,0.2048,0.05,0.0123,-0.0457,0.07,
4,0.1,logreg,unweighted,0.7822,0.0806,0.0184,0.0196,0.977,-0.045,0.1,0.1,0.0434,0.0226,0.41,
4,0.1,logreg,weighted,0.7821,0.1848,0.3026,0.3026,0.831,-2.171,0.4026,0.1,0.0047,-0.0862,0.1,
4,0.1,rf,unweighted,0.789,0.078,0.0039,0.0068,0.963,-0.077,0.1009,0.1,0.044,0.0251,0.57,
4,0.1,rf,weighted,0.7845,0.129,0.198,0.198,1.033,-1.592,0.298,0.1,0.017,-0.0402,0.12,
4,0.1,hgb,unweighted,0.7628,0.0825,0.024,0.0243,0.666,-0.544,0.0958,0.1,0.0387,0.0202,0.35,
4,0.1,hgb,weighted,0.7565,0.1442,0.1926,0.194,0.627,-1.758,0.2926,0.1,0.0245,-0.03,0.14,
4,0.15,logreg,unweighted,0.7746,0.1099,0.02,0.0231,0.98,-0.03,0.1501,0.15,0.0636,0.0504,0.49,
4,0.15,logreg,weighted,0.7761,0.1889,0.2694,0.2694,0.885,-1.722,0.4194,0.15,0.0126,-0.0307,0.16,
4,0.15,rf,unweighted,0.7774,0.1069,0.0137,0.0142,0.965,-0.054,0.1506,0.15,0.0622,0.052,0.57,
4,0.15,rf,weighted,0.7717,0.1522,0.1918,0.1918,0.999,-1.317,0.3418,0.15,0.0291,-0.0064,0.19,
4,0.15,hgb,unweighted,0.751,0.1121,0.0316,0.0346,0.691,-0.41,0.1471,0.15,0.0546,0.0437,0.48,
4,0.15,hgb,weighted,0.7454,0.1677,0.1923,0.1952,0.654,-1.432,0.3423,0.15,0.0339,-0.0004,0.19,
4,0.2,logreg,unweighted,0.7861,0.1312,0.031,0.031,0.989,-0.013,0.2,0.2,0.09,0.09,0.6,
4,0.2,logreg,weighted,0.7867,0.1846,0.2276,0.2276,0.901,-1.376,0.4276,0.2,0.0268,0.0268,0.23,
4,0.2,rf,unweighted,0.7849,0.1279,0.0119,0.0145,0.976,-0.026,0.2,0.2,0.0926,0.0926,0.56,
4,0.2,rf,weighted,0.7812,0.1614,0.1711,0.1711,1.017,-1.078,0.371,0.2,0.0393,0.0393,0.45,
4,0.2,hgb,unweighted,0.7689,0.1345,0.0278,0.0322,0.727,-0.284,0.1979,0.2,0.086,0.086,0.54,
4,0.2,hgb,weighted,0.7689,0.1719,0.1744,0.1744,0.725,-1.161,0.3698,0.2,0.05,0.05,0.36,
4,0.3,logreg,unweighted,0.7926,0.161,0.0331,0.0362,0.988,-0.008,0.2998,0.3,0.1363,0.1752,0.6,
4,0.3,logreg,weighted,0.7926,0.1833,0.1496,0.1496,0.955,-0.837,0.4496,0.3,0.086,0.1466,0.6,
4,0.3,rf,unweighted,0.7892,0.1597,0.0147,0.0228,0.987,-0.004,0.2992,0.3,0.1364,0.1718,0.6,
4,0.3,rf,weighted,0.7889,0.175,0.1182,0.1182,1.015,-0.674,0.4182,0.3,0.1152,0.1539,0.6,
4,0.3,hgb,unweighted,0.7735,0.1668,0.0338,0.035,0.766,-0.149,0.2979,0.3,0.1301,0.1661,0.6,
4,0.3,hgb,weighted,0.7736,0.1834,0.1231,0.1231,0.766,-0.725,0.4185,0.3,0.1051,0.1555,0.6,
4,0.4,logreg,unweighted,0.7862,0.182,0.0386,0.0458,0.991,-0.003,0.3999,0.4,0.1821,0.267,0.6,
4,0.4,logreg,weighted,0.7862,0.1874,0.0788,0.0788,0.979,-0.402,0.4758,0.4,0.1689,0.2601,0.6,
4,0.4,rf,unweighted,0.7905,0.1774,0.0182,0.0264,1.008,0.005,0.3996,0.4,0.1879,0.2705,0.6,
4,0.4,rf,weighted,0.7904,0.1815,0.062,0.062,1.019,-0.326,0.4601,0.4,0.182,0.262,0.6,
4,0.4,hgb,unweighted,0.7788,0.1831,0.0309,0.0351,0.805,-0.077,0.401,0.4,0.182,0.2646,0.6,
4,0.4,hgb,weighted,0.7799,0.1874,0.0709,0.0709,0.807,-0.367,0.4627,0.4,0.1733,0.262,0.6,
4,0.5,logreg,unweighted,0.7866,0.1892,0.0381,0.0459,0.984,0.0,0.4997,0.5,0.2233,0.3815,0.6,
4,0.5,logreg,weighted,0.7866,0.1892,0.0381,0.0459,0.984,0.0,0.4997,0.5,0.2233,0.3815,0.6,
4,0.5,rf,unweighted,0.7917,0.1841,0.0229,0.025,1.011,0.005,0.4991,0.5,0.2313,0.382,0.6,
4,0.5,rf,weighted,0.7918,0.1841,0.0228,0.0289,1.011,0.004,0.4993,0.5,0.23,0.3815,0.6,
4,0.5,hgb,unweighted,0.7839,0.1885,0.0298,0.0352,0.821,-0.005,0.4998,0.5,0.227,0.379,0.6,
4,0.5,hgb,weighted,0.7839,0.1885,0.0298,0.0352,0.821,-0.005,0.4998,0.5,0.227,0.379,0.6,
5,0.05,logreg,unweighted,0.8079,0.044,0.0094,0.0123,0.987,-0.032,0.05,0.05,0.0239,0.0054,0.31,
5,0.05,logreg,weighted,0.8073,0.1724,0.3212,0.3212,0.813,-2.909,0.3712,0.05,0.001,-0.1287,0.05,
5,0.05,rf,unweighted,0.7925,0.043,0.0047,0.0067,0.902,-0.229,0.05,0.05,0.0235,0.0062,0.28,
5,0.05,rf,weighted,0.7845,0.0849,0.1659,0.1659,0.99,-1.916,0.2159,0.05,0.0061,-0.054,0.05,
5,0.05,hgb,unweighted,0.7532,0.0466,0.0189,0.0189,0.558,-0.979,0.0453,0.05,0.0201,0.0008,0.21,
5,0.05,hgb,weighted,0.7396,0.1024,0.1551,0.1551,0.496,-2.263,0.2051,0.05,0.0119,-0.046,0.07,
5,0.1,logreg,unweighted,0.7926,0.0791,0.0178,0.0187,0.987,-0.022,0.0998,0.1,0.0446,0.0254,0.44,
5,0.1,logreg,weighted,0.795,0.179,0.2961,0.2961,0.842,-2.172,0.3961,0.1,0.0041,-0.0846,0.1,
5,0.1,rf,unweighted,0.7968,0.0761,0.009,0.0125,0.954,-0.076,0.0997,0.1,0.0456,0.0299,0.49,
5,0.1,rf,weighted,0.7922,0.1226,0.1868,0.1868,1.012,-1.564,0.2868,0.1,0.0156,-0.0328,0.12,
5,0.1,hgb,unweighted,0.772,0.0824,0.0275,0.0291,0.647,-0.585,0.0975,0.1,0.0399,0.0205,0.38,
5,0.1,hgb,weighted,0.7652,0.1405,0.1859,0.1869,0.62,-1.76,0.2859,0.1,0.0235,-0.0261,0.14,
5,0.15,logreg,unweighted,0.7892,0.1074,0.0239,0.0269,0.985,-0.022,0.15,0.15,0.0671,0.0553,0.56,
5,0.15,logreg,weighted,0.7895,0.1823,0.263,0.263,0.894,-1.718,0.413,0.15,0.0139,-0.0294,0.16,
5,0.15,rf,unweighted,0.7859,0.1057,0.0122,0.0163,0.969,-0.046,0.1504,0.15,0.0672,0.0567,0.48,
5,0.15,rf,weighted,0.7838,0.148,0.1891,0.1891,1.006,-1.316,0.339,0.15,0.0252,-0.0036,0.19,
5,0.15,hgb,unweighted,0.7695,0.1122,0.03,0.03,0.707,-0.373,0.1457,0.15,0.0614,0.0494,0.46,
5,0.15,hgb,weighted,0.7655,0.1597,0.184,0.1871,0.687,-1.416,0.334,0.15,0.0377,0.0089,0.22,
5,0.2,logreg,unweighted,0.7869,0.1316,0.0307,0.0307,0.984,-0.018,0.1998,0.2,0.09,0.09,0.6,
5,0.2,logreg,weighted,0.7871,0.1851,0.2272,0.2272,0.906,-1.371,0.4272,0.2,0.0285,0.0285,0.23,
5,0.2,rf,unweighted,0.7829,0.1293,0.0107,0.0148,0.976,-0.028,0.2001,0.2,0.089,0.089,0.6,
5,0.2,rf,weighted,0.7829,0.163,0.1702,0.1702,1.006,-1.076,0.3702,0.2,0.0481,0.0481,0.36,
5,0.2,hgb,unweighted,0.7718,0.1342,0.0275,0.0288,0.749,-0.261,0.1977,0.2,0.087,0.087,0.55,
5,0.2,hgb,weighted,0.7686,0.1738,0.1734,0.1734,0.719,-1.162,0.3702,0.2,0.055,0.055,0.33,
5,0.3,logreg,unweighted,0.792,0.1627,0.0359,0.0399,0.987,-0.009,0.2998,0.3,0.1363,0.1758,0.6,
5,0.3,logreg,weighted,0.792,0.1844,0.15,0.15,0.941,-0.84,0.45,0.3,0.0919,0.1462,0.6,
5,0.3,rf,unweighted,0.7979,0.1575,0.0142,0.0182,1.007,0.006,0.2998,0.3,0.1409,0.1787,0.6,
5,0.3,rf,weighted,0.7971,0.1728,0.1161,0.1161,1.027,-0.672,0.4161,0.3,0.1181,0.1599,0.6,
5,0.3,hgb,unweighted,0.7861,0.1633,0.026,0.0295,0.805,-0.125,0.2992,0.3,0.1352,0.1736,0.6,
5,0.3,hgb,weighted,0.7843,0.1811,0.1226,0.1226,0.793,-0.73,0.4195,0.3,0.1162,0.1601,0.6,
5,0.4,logreg,unweighted,0.7827,0.184,0.0327,0.0382,0.986,-0.005,0.3999,0.4,0.1756,0.2676,0.6,
5,0.4,logreg,weighted,0.7828,0.1893,0.0771,0.0791,0.972,-0.402,0.4764,0.4,0.1635,0.2631,0.6,
5,0.4,rf,unweighted,0.786,0.18,0.0175,0.0252,1.005,0.004,0.3996,0.4,0.1791,0.2676,0.6,
5,0.4,rf,weighted,0.785,0.1842,0.0604,0.0605,1.015,-0.325,0.4604,0.4,0.1734,0.2687,0.6,
5,0.4,hgb,unweighted,0.7752,0.1856,0.0353,0.0412,0.786,-0.066,0.3982,0.4,0.1754,0.2622,0.6,
5,0.4,hgb,weighted,0.7753,0.1896,0.0664,0.069,0.789,-0.348,0.4598,0.4,0.1689,0.2667,0.6,
5,0.5,logreg,unweighted,0.7903,0.1876,0.0339,0.037,0.989,0.0,0.4998,0.5,0.2275,0.3825,0.6,
5,0.5,logreg,weighted,0.7903,0.1876,0.0339,0.037,0.989,0.0,0.4998,0.5,0.2275,0.3825,0.6,
5,0.5,rf,unweighted,0.7929,0.1844,0.0122,0.013,1.007,0.006,0.4988,0.5,0.2295,0.3828,0.6,
5,0.5,rf,weighted,0.794,0.184,0.0101,0.012,1.012,0.004,0.4993,0.5,0.2298,0.3831,0.6,
5,0.5,hgb,unweighted,0.7847,0.1893,0.0323,0.0394,0.795,-0.011,0.5008,0.5,0.2232,0.3772,0.6,
5,0.5,hgb,weighted,0.7847,0.1893,0.0323,0.0394,0.795,-0.011,0.5008,0.5,0.2232,0.3772,0.6,
6,0.05,logreg,unweighted,0.785,0.0453,0.0079,0.0165,0.961,-0.102,0.05,0.05,0.0232,0.0013,0.23,
6,0.05,logreg,weighted,0.7856,0.1831,0.3403,0.3403,0.773,-2.902,0.3903,0.05,0.0001,-0.1459,0.05,
6,0.05,rf,unweighted,0.7667,0.0446,0.0037,0.0069,0.842,-0.391,0.0504,0.05,0.0213,0.0018,0.21,
6,0.05,rf,weighted,0.7599,0.0915,0.1784,0.1784,0.923,-2.0,0.2284,0.05,0.005,-0.0673,0.05,
6,0.05,hgb,unweighted,0.7395,0.0484,0.0252,0.0252,0.505,-1.146,0.046,0.05,0.0185,-0.0015,0.15,
6,0.05,hgb,weighted,0.7237,0.1062,0.1598,0.1606,0.442,-2.312,0.2098,0.05,0.0102,-0.0489,0.06,
6,0.1,logreg,unweighted,0.7931,0.079,0.0208,0.0244,0.985,-0.027,0.0999,0.1,0.0465,0.0276,0.43,
6,0.1,logreg,weighted,0.7939,0.1784,0.2963,0.2963,0.889,-2.166,0.3963,0.1,0.0039,-0.0848,0.1,
6,0.1,rf,unweighted,0.7948,0.0768,0.0082,0.0124,0.952,-0.095,0.1009,0.1,0.0459,0.0296,0.42,
6,0.1,rf,weighted,0.7939,0.1231,0.1895,0.1895,0.999,-1.594,0.2895,0.1,0.0157,-0.0397,0.12,
6,0.1,hgb,unweighted,0.7687,0.082,0.0262,0.0269,0.663,-0.549,0.0963,0.1,0.0413,0.0244,0.37,
6,0.1,hgb,weighted,0.7636,0.1388,0.1847,0.1847,0.629,-1.752,0.2847,0.1,0.0234,-0.0282,0.13,
6,0.15,logreg,unweighted,0.7873,0.1109,0.0313,0.0313,0.972,-0.045,0.1503,0.15,0.0655,0.0503,0.49,
6,0.15,logreg,weighted,0.7875,0.1872,0.2671,0.2671,0.842,-1.719,0.4171,0.15,0.0126,-0.0296,0.16,
6,0.15,rf,unweighted,0.7937,0.106,0.0108,0.0178,0.969,-0.048,0.1507,0.15,0.0666,0.056,0.6,
6,0.15,rf,weighted,0.7919,0.1486,0.1859,0.1859,1.01,-1.312,0.3358,0.15,0.0345,0.0075,0.22,
6,0.15,hgb,unweighted,0.7752,0.111,0.0294,0.0321,0.713,-0.357,0.1458,0.15,0.061,0.0495,0.46,
6,0.15,hgb,weighted,0.7702,0.1624,0.1855,0.1868,0.682,-1.422,0.3355,0.15,0.0415,0.0127,0.22,
6,0.2,logreg,unweighted,0.7829,0.1328,0.0327,0.0327,0.988,-0.015,0.2,0.2,0.0892,0.0892,0.56,
6,0.2,logreg,weighted,0.7837,0.1873,0.2293,0.2293,0.907,-1.374,0.4293,0.2,0.0276,0.0276,0.24,
6,0.2,rf,unweighted,0.789,0.1288,0.0068,0.0106,0.994,-0.007,0.2,0.2,0.0907,0.0907,0.59,
6,0.2,rf,weighted,0.7882,0.1612,0.1691,0.1691,1.037,-1.064,0.3691,0.2,0.049,0.049,0.38,
6,0.2,hgb,unweighted,0.7726,0.1351,0.0289,0.0318,0.731,-0.286,0.199,0.2,0.0844,0.0844,0.54,
6,0.2,hgb,weighted,0.7666,0.1756,0.1736,0.1736,0.697,-1.163,0.3705,0.2,0.0554,0.0554,0.32,
6,0.3,logreg,unweighted,0.7972,0.1618,0.0453,0.0502,0.992,-0.007,0.3001,0.3,0.141,0.1775,0.6,
6,0.3,logreg,weighted,0.7971,0.1827,0.1492,0.1492,0.939,-0.841,0.4492,0.3,0.0951,0.1483,0.6,
6,0.3,rf,unweighted,0.7956,0.1581,0.0191,0.022,0.992,-0.005,0.3,0.3,0.1385,0.1779,0.6,
6,0.3,rf,weighted,0.7951,0.1733,0.1167,0.1168,1.01,-0.679,0.4167,0.3,0.1181,0.1593,0.6,
6,0.3,hgb,unweighted,0.7838,0.1637,0.0341,0.0349,0.778,-0.147,0.3002,0.3,0.1337,0.1694,0.6,
6,0.3,hgb,weighted,0.7823,0.182,0.1229,0.1229,0.773,-0.732,0.4194,0.3,0.1121,0.16,0.6,
6,0.4,logreg,unweighted,0.7859,0.1818,0.0278,0.032,0.986,-0.005,0.3999,0.4,0.177,0.2699,0.6,
6,0.4,logreg,weighted,0.786,0.1872,0.077,0.0789,0.973,-0.402,0.4755,0.4,0.1618,0.2646,0.6,
6,0.4,rf,unweighted,0.7875,0.1785,0.0155,0.0246,1.0,0.001,0.3998,0.4,0.1845,0.2701,0.6,
6,0.4,rf,weighted,0.7867,0.1826,0.0625,0.0637,1.01,-0.325,0.4599,0.4,0.1734,0.2677,0.6,
6,0.4,hgb,unweighted,0.7778,0.1845,0.0378,0.0382,0.788,-0.079,0.4012,0.4,0.1763,0.2693,0.6,
6,0.4,hgb,weighted,0.7779,0.189,0.0697,0.0697,0.794,-0.365,0.4632,0.4,0.1602,0.2687,0.6,
6,0.5,logreg,unweighted,0.7843,0.1896,0.0395,0.0446,0.994,-0.001,0.5,0.5,0.2258,0.3776,0.6,
6,0.5,logreg,weighted,0.7843,0.1896,0.0395,0.0446,0.994,-0.001,0.5,0.5,0.2258,0.3776,0.6,
6,0.5,rf,unweighted,0.7886,0.1858,0.0126,0.0244,1.0,0.002,0.4996,0.5,0.2282,0.3808,0.6,
6,0.5,rf,weighted,0.7891,0.1856,0.0133,0.0278,1.004,0.003,0.4996,0.5,0.2298,0.382,0.6,
6,0.5,hgb,unweighted,0.7772,0.1921,0.0305,0.0313,0.792,-0.006,0.4993,0.5,0.2192,0.3777,0.6,
6,0.5,hgb,weighted,0.7772,0.1921,0.0305,0.0313,0.792,-0.006,0.4993,0.5,0.2192,0.3777,0.6,
7,0.05,logreg,unweighted,0.769,0.0452,0.0058,0.012,0.972,-0.073,0.05,0.05,0.0203,0.001,0.21,
7,0.05,logreg,weighted,0.7719,0.1879,0.3492,0.3492,0.794,-2.924,0.3992,0.05,0.0001,-0.1551,0.05,
7,0.05,rf,unweighted,0.7638,0.0446,0.0034,0.0073,0.866,-0.339,0.0506,0.05,0.0204,0.0013,0.21,
7,0.05,rf,weighted,0.7495,0.0926,0.1836,0.1836,0.947,-2.0,0.2336,0.05,0.0056,-0.08,0.05,
7,0.05,hgb,unweighted,0.7287,0.0472,0.0207,0.022,0.53,-1.084,0.0454,0.05,0.0169,-0.0012,0.17,
7,0.05,hgb,weighted,0.6984,0.1067,0.1601,0.1604,0.41,-2.333,0.2101,0.05,0.0107,-0.0564,0.06,
7,0.1,logreg,unweighted,0.7797,0.0819,0.0208,0.0217,0.959,-0.078,0.0999,0.1,0.0429,0.0206,0.37,
7,0.1,logreg,weighted,0.7831,0.1855,0.3022,0.3022,0.803,-2.17,0.4022,0.1,0.0037,-0.0854,0.1,
7,0.1,rf,unweighted,0.7898,0.0783,0.0078,0.0081,0.946,-0.102,0.1007,0.1,0.0437,0.0258,0.59,
7,0.1,rf,weighted,0.7838,0.1276,0.193,0.193,0.996,-1.583,0.293,0.1,0.0174,-0.0377,0.12,
7,0.1,hgb,unweighted,0.7654,0.0827,0.0258,0.0297,0.651,-0.573,0.0969,0.1,0.0384,0.0202,0.36,
7,0.1,hgb,weighted,0.7524,0.1454,0.1902,0.1904,0.592,-1.764,0.2902,0.1,0.0249,-0.0314,0.14,
7,0.15,logreg,unweighted,0.7871,0.1088,0.0266,0.0317,0.982,-0.029,0.1502,0.15,0.069,0.0557,0.52,
7,0.15,logreg,weighted,0.7874,0.1846,0.2651,0.2651,0.886,-1.717,0.4151,0.15,0.0137,-0.0286,0.16,
7,0.15,rf,unweighted,0.7882,0.1058,0.0158,0.0172,0.958,-0.067,0.151,0.15,0.067,0.0559,0.47,
7,0.15,rf,weighted,0.7884,0.1473,0.1852,0.1852,0.998,-1.308,0.3352,0.15,0.0296,0.0016,0.2,
7,0.15,hgb,unweighted,0.7716,0.1094,0.0235,0.0257,0.728,-0.354,0.148,0.15,0.0645,0.052,0.47,
7,0.15,hgb,weighted,0.7701,0.1621,0.1896,0.1908,0.702,-1.441,0.3396,0.15,0.0358,0.0082,0.21,
7,0.2,logreg,unweighted,0.7949,0.129,0.0287,0.0298,0.986,-0.016,0.1999,0.2,0.0916,0.0916,0.6,
7,0.2,logreg,weighted,0.795,0.181,0.2224,0.2224,0.914,-1.373,0.4224,0.2,0.0331,0.0331,0.25,
7,0.2,rf,unweighted,0.7918,0.1272,0.0166,0.0216,0.982,-0.015,0.1994,0.2,0.09,0.09,0.55,
7,0.2,rf,weighted,0.7905,0.1601,0.167,0.1673,1.004,-1.073,0.367,0.2,0.0556,0.0556,0.35,
7,0.2,hgb,unweighted,0.7788,0.1322,0.0314,0.0316,0.75,-0.252,0.1973,0.2,0.0853,0.0853,0.55,
7,0.2,hgb,weighted,0.7733,0.1714,0.1683,0.172,0.714,-1.155,0.3675,0.2,0.0599,0.0599,0.32,
7,0.3,logreg,unweighted,0.7846,0.1643,0.0445,0.0455,0.991,-0.008,0.3002,0.3,0.1392,0.17,0.6,
7,0.3,logreg,weighted,0.7847,0.1873,0.1527,0.153,0.952,-0.841,0.4527,0.3,0.083,0.1448,0.6,
7,0.3,rf,unweighted,0.7855,0.1608,0.0112,0.0127,0.989,-0.011,0.3006,0.3,0.14,0.1727,0.6,
7,0.3,rf,weighted,0.7861,0.1764,0.12,0.1206,1.018,-0.68,0.42,0.3,0.111,0.1496,0.6,
7,0.3,hgb,unweighted,0.7715,0.1677,0.031,0.0351,0.755,-0.17,0.3001,0.3,0.1315,0.1684,0.6,
7,0.3,hgb,weighted,0.7692,0.1862,0.1262,0.1264,0.753,-0.738,0.4224,0.3,0.1021,0.1514,0.59,
7,0.4,logreg,unweighted,0.7895,0.182,0.0321,0.0346,0.991,-0.004,0.4,0.4,0.1742,0.272,0.6,
7,0.4,logreg,weighted,0.7895,0.1869,0.0755,0.0755,0.972,-0.403,0.4755,0.4,0.1675,0.2684,0.6,
7,0.4,rf,unweighted,0.7946,0.1777,0.0193,0.0256,1.008,0.0,0.4004,0.4,0.1812,0.2779,0.6,
7,0.4,rf,weighted,0.7945,0.1816,0.0607,0.0615,1.021,-0.327,0.46,0.4,0.1753,0.2716,0.6,
7,0.4,hgb,unweighted,0.7851,0.1832,0.03,0.0328,0.796,-0.069,0.401,0.4,0.1783,0.2727,0.6,
7,0.4,hgb,weighted,0.7845,0.1879,0.0688,0.0688,0.796,-0.357,0.4623,0.4,0.1693,0.2742,0.6,
7,0.5,logreg,unweighted,0.7846,0.1897,0.0259,0.0297,0.989,-0.0,0.4999,0.5,0.2193,0.3825,0.6,
7,0.5,logreg,weighted,0.7846,0.1897,0.0259,0.0297,0.989,-0.0,0.4999,0.5,0.2193,0.3825,0.6,
7,0.5,rf,unweighted,0.784,0.189,0.0172,0.024,0.992,0.001,0.4998,0.5,0.2175,0.3852,0.6,
7,0.5,rf,weighted,0.7838,0.1891,0.0123,0.0177,0.991,-0.002,0.5004,0.5,0.2173,0.3843,0.6,
7,0.5,hgb,unweighted,0.7746,0.1945,0.034,0.034,0.783,-0.013,0.5019,0.5,0.2075,0.3812,0.6,
7,0.5,hgb,weighted,0.7746,0.1945,0.034,0.034,0.783,-0.013,0.5019,0.5,0.2075,0.3812,0.6,
8,0.05,logreg,unweighted,0.7918,0.045,0.0119,0.0159,0.964,-0.095,0.0502,0.05,0.0238,0.0009,0.21,
8,0.05,logreg,weighted,0.7913,0.1791,0.33,0.33,0.781,-2.903,0.38,0.05,0.0009,-0.1332,0.05,
8,0.05,rf,unweighted,0.7811,0.0442,0.0047,0.0081,0.862,-0.342,0.0507,0.05,0.023,0.0015,0.2,
8,0.05,rf,weighted,0.7721,0.0907,0.1773,0.1773,0.939,-2.0,0.2273,0.05,0.0058,-0.0639,0.05,
8,0.05,hgb,unweighted,0.7435,0.0474,0.0208,0.0222,0.531,-1.063,0.0459,0.05,0.0193,-0.0001,0.19,
8,0.05,hgb,weighted,0.7321,0.1053,0.1596,0.1606,0.474,-2.295,0.2096,0.05,0.0103,-0.0478,0.06,
8,0.1,logreg,unweighted,0.7786,0.0817,0.0201,0.0207,0.972,-0.051,0.0998,0.1,0.0421,0.0198,0.43,
8,0.1,logreg,weighted,0.7787,0.1883,0.3078,0.3078,0.835,-2.173,0.4078,0.1,0.003,-0.0914,0.1,
8,0.1,rf,unweighted,0.7828,0.0801,0.0085,0.0126,0.927,-0.124,0.0996,0.1,0.0451,0.0225,0.57,
8,0.1,rf,weighted,0.7759,0.1326,0.2016,0.2016,0.993,-1.605,0.3016,0.1,0.0131,-0.0378,0.12,
8,0.1,hgb,unweighted,0.7614,0.0847,0.0283,0.0285,0.645,-0.596,0.0962,0.1,0.0398,0.0189,0.3,
8,0.1,hgb,weighted,0.7525,0.1476,0.1983,0.1998,0.597,-1.786,0.2983,0.1,0.0212,-0.0337,0.13,
8,0.15,logreg,unweighted,0.7903,0.1083,0.0274,0.0306,0.99,-0.014,0.1498,0.15,0.0688,0.0557,0.49,
8,0.15,logreg,weighted,0.7902,0.1833,0.2631,0.2638,0.886,-1.714,0.4131,0.15,0.0137,-0.0259,0.16,
8,0.15,rf,unweighted,0.7888,0.1066,0.0119,0.0119,0.947,-0.077,0.1505,0.15,0.0675,0.0529,0.49,
8,0.15,rf,weighted,0.7869,0.1488,0.1864,0.1864,0.984,-1.316,0.3364,0.15,0.0299,0.0093,0.22,
8,0.15,hgb,unweighted,0.7668,0.1135,0.0293,0.0339,0.687,-0.41,0.1476,0.15,0.0619,0.049,0.43,
8,0.15,hgb,weighted,0.7629,0.1649,0.1873,0.1885,0.667,-1.433,0.3373,0.15,0.0397,0.0139,0.23,
8,0.2,logreg,unweighted,0.8,0.1282,0.0307,0.0351,0.99,-0.014,0.2002,0.2,0.0932,0.0932,0.6,
8,0.2,logreg,weighted,0.7999,0.1788,0.2214,0.2214,0.9,-1.372,0.4214,0.2,0.0319,0.0319,0.25,
8,0.2,rf,unweighted,0.79,0.1253,0.0145,0.0178,0.97,-0.035,0.2004,0.2,0.093,0.093,0.6,
8,0.2,rf,weighted,0.7887,0.1579,0.1666,0.1669,1.008,-1.079,0.3666,0.2,0.049,0.049,0.48,
8,0.2,hgb,unweighted,0.7776,0.1306,0.0277,0.0299,0.744,-0.267,0.1984,0.2,0.0894,0.0894,0.6,
8,0.2,hgb,weighted,0.7734,0.1697,0.169,0.1703,0.735,-1.177,0.369,0.2,0.0547,0.0547,0.34,
8,0.3,logreg,unweighted,0.7863,0.1649,0.0352,0.0396,0.994,-0.006,0.3001,0.3,0.1352,0.1727,0.6,
8,0.3,logreg,weighted,0.7863,0.1877,0.1531,0.1531,0.952,-0.842,0.4529,0.3,0.087,0.1466,0.6,
8,0.3,rf,unweighted,0.7862,0.1621,0.0112,0.0169,0.997,-0.004,0.3003,0.3,0.1367,0.1704,0.6,
8,0.3,rf,weighted,0.7855,0.1782,0.1209,0.1209,1.019,-0.681,0.4209,0.3,0.1076,0.1556,0.6,
8,0.3,hgb,unweighted,0.7698,0.1697,0.0318,0.0349,0.758,-0.167,0.3007,0.3,0.1274,0.1663,0.6,
8,0.3,hgb,weighted,0.7706,0.1878,0.1258,0.1271,0.753,-0.732,0.422,0.3,0.1057,0.159,0.58,
8,0.4,logreg,unweighted,0.7955,0.1792,0.0333,0.041,0.992,-0.003,0.4,0.4,0.1842,0.2738,0.6,
8,0.4,logreg,weighted,0.7955,0.1841,0.0746,0.0747,0.973,-0.403,0.4746,0.4,0.1713,0.267,0.6,
8,0.4,rf,unweighted,0.8006,0.175,0.019,0.0201,1.015,0.006,0.3998,0.4,0.1877,0.2788,0.6,
8,0.4,rf,weighted,0.8,0.1788,0.0592,0.0592,1.024,-0.328,0.4592,0.4,0.1767,0.2728,0.6,
8,0.4,hgb,unweighted,0.7913,0.1801,0.0269,0.0301,0.82,-0.056,0.3997,0.4,0.1788,0.2753,0.6,
8,0.4,hgb,weighted,0.7896,0.1848,0.0639,0.0639,0.809,-0.352,0.4604,0.4,0.1718,0.2733,0.6,
8,0.5,logreg,unweighted,0.7969,0.1839,0.0246,0.0314,0.994,-0.001,0.5002,0.5,0.2273,0.3832,0.6,
8,0.5,logreg,weighted,0.7969,0.1839,0.0246,0.0314,0.994,-0.001,0.5002,0.5,0.2273,0.3832,0.6,
8,0.5,rf,unweighted,0.8041,0.1791,0.0184,0.0237,1.039,0.008,0.499,0.5,0.236,0.3867,0.6,
8,0.5,rf,weighted,0.8037,0.1792,0.0194,0.0271,1.036,0.005,0.4994,0.5,0.2342,0.3869,0.6,
8,0.5,hgb,unweighted,0.7993,0.1819,0.0258,0.0286,0.831,-0.016,0.5013,0.5,0.2355,0.3847,0.6,
8,0.5,hgb,weighted,0.7993,0.1819,0.0258,0.0286,0.831,-0.016,0.5013,0.5,0.2355,0.3847,0.6,
9,0.05,logreg,unweighted,0.7824,0.0455,0.0081,0.0157,0.951,-0.129,0.0501,0.05,0.0222,0.0002,0.21,
9,0.05,logreg,weighted,0.7824,0.1824,0.3367,0.3367,0.743,-2.908,0.3867,0.05,0.0005,-0.1432,0.05,
9,0.05,rf,unweighted,0.7631,0.0444,0.0038,0.0108,0.823,-0.438,0.0504,0.05,0.0211,0.0025,0.21,
9,0.05,rf,weighted,0.7595,0.0922,0.1771,0.1771,0.868,-2.048,0.2271,0.05,0.0038,-0.0608,0.05,
9,0.05,hgb,unweighted,0.7395,0.0475,0.0183,0.0183,0.551,-1.043,0.0461,0.05,0.0177,0.0003,0.2,
9,0.05,hgb,weighted,0.7169,0.1093,0.1711,0.1714,0.464,-2.34,0.2211,0.05,0.0087,-0.0551,0.06,
9,0.1,logreg,unweighted,0.7724,0.0802,0.0197,0.0204,0.968,-0.061,0.1,0.1,0.0433,0.0239,0.41,
9,0.1,logreg,weighted,0.7733,0.1849,0.3065,0.3065,0.857,-2.173,0.4065,0.1,0.0033,-0.0941,0.1,
9,0.1,rf,unweighted,0.7683,0.0786,0.0091,0.0103,0.917,-0.152,0.1003,0.1,0.0424,0.0257,0.6,
9,0.1,rf,weighted,0.758,0.1299,0.2011,0.2011,0.955,-1.618,0.3011,0.1,0.0089,-0.0575,0.11,
9,0.1,hgb,unweighted,0.7384,0.0841,0.0275,0.0287,0.626,-0.64,0.0963,0.1,0.038,0.019,0.35,
9,0.1,hgb,weighted,0.7274,0.1446,0.1939,0.1972,0.577,-1.783,0.2939,0.1,0.0158,-0.0401,0.12,
9,0.15,logreg,unweighted,0.7752,0.1102,0.0225,0.0315,0.985,-0.021,0.1499,0.15,0.0671,0.0515,0.48,
9,0.15,logreg,weighted,0.7754,0.1892,0.2717,0.2717,0.903,-1.716,0.4217,0.15,0.0085,-0.037,0.15,
9,0.15,rf,unweighted,0.7753,0.1071,0.0121,0.0159,0.959,-0.064,0.1507,0.15,0.067,0.0573,0.49,
9,0.15,rf,weighted,0.775,0.151,0.193,0.1931,1.019,-1.316,0.343,0.15,0.0211,-0.0051,0.18,
9,0.15,hgb,unweighted,0.7567,0.1132,0.0283,0.0295,0.691,-0.417,0.1483,0.15,0.0614,0.0488,0.43,
9,0.15,hgb,weighted,0.7507,0.1659,0.1908,0.1941,0.668,-1.434,0.3408,0.15,0.0321,0.0033,0.2,
9,0.2,logreg,unweighted,0.7909,0.1298,0.0316,0.0333,0.985,-0.017,0.1999,0.2,0.0916,0.0916,0.6,
9,0.2,logreg,weighted,0.7906,0.1825,0.225,0.225,0.912,-1.37,0.425,0.2,0.0268,0.0268,0.23,
9,0.2,rf,unweighted,0.7913,0.1256,0.0124,0.0138,0.973,-0.033,0.2004,0.2,0.0943,0.0943,0.6,
9,0.2,rf,weighted,0.7897,0.1584,0.1684,0.1688,1.011,-1.083,0.3684,0.2,0.0496,0.0496,0.46,
9,0.2,hgb,unweighted,0.7707,0.1319,0.0264,0.0309,0.745,-0.266,0.1977,0.2,0.0897,0.0897,0.58,
9,0.2,hgb,weighted,0.7709,0.1696,0.1696,0.1725,0.742,-1.17,0.3696,0.2,0.051,0.051,0.37,
9,0.3,logreg,unweighted,0.7924,0.1636,0.0427,0.0495,0.984,-0.013,0.3002,0.3,0.138,0.1742,0.6,
9,0.3,logreg,weighted,0.7924,0.1851,0.1508,0.1514,0.933,-0.841,0.4508,0.3,0.0924,0.1465,0.6,
9,0.3,rf,unweighted,0.7937,0.1587,0.0181,0.0223,1.009,0.005,0.3002,0.3,0.1401,0.1745,0.6,
9,0.3,rf,weighted,0.7932,0.1744,0.1173,0.1173,1.029,-0.673,0.4173,0.3,0.1114,0.1582,0.6,
9,0.3,hgb,unweighted,0.7837,0.1642,0.0272,0.0328,0.787,-0.129,0.2984,0.3,0.134,0.1715,0.6,
9,0.3,hgb,weighted,0.7852,0.1806,0.1218,0.1218,0.784,-0.717,0.417,0.3,0.1106,0.1633,0.6,
9,0.4,logreg,unweighted,0.7913,0.1808,0.0312,0.0354,0.992,-0.003,0.4,0.4,0.1782,0.2732,0.6,
9,0.4,logreg,weighted,0.7912,0.1861,0.0756,0.0762,0.978,-0.402,0.4753,0.4,0.1663,0.2648,0.6,
9,0.4,rf,unweighted,0.8004,0.1754,0.0215,0.0217,1.018,0.01,0.3994,0.4,0.1879,0.2792,0.6,
9,0.4,rf,weighted,0.8006,0.1788,0.0611,0.0624,1.035,-0.321,0.4587,0.4,0.1829,0.2727,0.6,
9,0.4,hgb,unweighted,0.7894,0.1811,0.0283,0.0316,0.79,-0.067,0.3992,0.4,0.1826,0.2744,0.6,
9,0.4,hgb,weighted,0.7905,0.1845,0.0672,0.0677,0.798,-0.353,0.4598,0.4,0.1767,0.272,0.6,
9,0.5,logreg,unweighted,0.7897,0.1873,0.0364,0.0377,0.992,-0.001,0.5,0.5,0.2315,0.3828,0.6,
9,0.5,logreg,weighted,0.7897,0.1873,0.0364,0.0377,0.992,-0.001,0.5,0.5,0.2315,0.3828,0.6,
9,0.5,rf,unweighted,0.7919,0.185,0.0155,0.0214,1.009,0.005,0.4991,0.5,0.227,0.3819,0.6,
9,0.5,rf,weighted,0.792,0.1849,0.0115,0.014,1.01,0.005,0.4992,0.5,0.2268,0.3827,0.6,
9,0.5,hgb,unweighted,0.7839,0.1893,0.032,0.0379,0.799,-0.005,0.4995,0.5,0.2235,0.3785,0.6,
9,0.5,hgb,weighted,0.7839,0.1893,0.032,0.0379,0.799,-0.005,0.4995,0.5,0.2235,0.3785,0.6,
0,0.05,logreg,weighted + prior_full,0.7931,0.0454,0.0102,0.0127,0.814,-0.516,0.0527,0.05,0.0225,0.0045,0.24,
0,0.05,logreg,weighted + Platt,0.7924,0.0446,0.0104,0.014,1.0,-0.002,0.05,0.05,0.0225,0.0017,0.29,
0,0.05,logreg,weighted + isotonic,0.7792,0.0437,0.0014,0.0059,0.874,-0.31,0.0503,0.05,0.0215,0.0045,0.28,
0,0.05,logreg,weighted + prior_fitted,0.7931,0.0455,0.0097,0.0126,0.813,-0.546,0.0542,0.05,0.0224,0.0044,0.23,0.9881
0,0.05,rf,weighted + prior_full,0.7754,0.0456,0.0293,0.0294,0.959,0.833,0.0207,0.05,0.0178,0.0001,0.23,
0,0.05,rf,weighted + Platt,0.7741,0.0437,0.0057,0.0066,0.997,-0.005,0.0499,0.05,0.0214,0.0046,0.4,
0,0.05,rf,weighted + isotonic,0.7597,0.0441,0.0031,0.005,0.849,-0.381,0.0502,0.05,0.0205,0.0036,0.26,
0,0.05,rf,weighted + prior_fitted,0.7754,0.0437,0.0084,0.0084,0.96,0.075,0.0427,0.05,0.0209,0.0037,0.4,0.7313
0,0.05,hgb,weighted + prior_full,0.7629,0.0457,0.0281,0.0285,0.54,-0.647,0.0268,0.05,0.0177,0.0007,0.22,
0,0.05,hgb,weighted + Platt,0.7623,0.0447,0.0073,0.0077,0.996,-0.011,0.05,0.05,0.0188,0.0007,0.41,
0,0.05,hgb,weighted + isotonic,0.748,0.0454,0.0021,0.0067,0.644,-0.946,0.0503,0.05,0.0196,0.0016,0.22,
0,0.05,hgb,weighted + prior_fitted,0.7629,0.0462,0.02,0.0202,0.541,-0.965,0.0433,0.05,0.0194,0.0014,0.23,0.7997
0,0.1,logreg,weighted + prior_full,0.7993,0.0804,0.0164,0.0166,0.834,-0.337,0.1026,0.1,0.0464,0.0258,0.41,
0,0.1,logreg,weighted + Platt,0.799,0.0796,0.0243,0.0243,1.0,-0.001,0.1,0.1,0.0467,0.0231,0.39,
0,0.1,logreg,weighted + isotonic,0.7938,0.078,0.006,0.0098,0.931,-0.117,0.0999,0.1,0.0468,0.0232,0.39,
0,0.1,logreg,weighted + prior_fitted,0.7993,0.0804,0.0186,0.0188,0.834,-0.36,0.1047,0.1,0.047,0.0262,0.41,0.9874
0,0.1,rf,weighted + prior_full,0.804,0.0812,0.0413,0.0413,1.01,0.657,0.0597,0.1,0.0441,0.0174,0.33,
0,0.1,rf,weighted + Platt,0.8036,0.0779,0.0132,0.0174,0.999,0.0,0.0999,0.1,0.0499,0.0275,0.35,
0,0.1,rf,weighted + isotonic,0.7962,0.0775,0.0037,0.0105,0.934,-0.111,0.0999,0.1,0.0491,0.029,0.34,
0,0.1,rf,weighted + prior_fitted,0.804,0.0779,0.0151,0.0177,1.01,-0.055,0.1057,0.1,0.0493,0.0284,0.36,0.6793
0,0.1,hgb,weighted + prior_full,0.7669,0.0834,0.0387,0.0387,0.6,-0.423,0.0734,0.1,0.0394,0.0172,0.35,
0,0.1,hgb,weighted + Platt,0.7662,0.0814,0.0124,0.018,0.998,-0.003,0.0999,0.1,0.0425,0.0182,0.34,
0,0.1,hgb,weighted + isotonic,0.7626,0.0807,0.0049,0.0084,0.927,-0.133,0.1001,0.1,0.0432,0.0179,0.34,
0,0.1,hgb,weighted + prior_fitted,0.7669,0.0845,0.0283,0.0314,0.6,-0.716,0.1041,0.1,0.0437,0.0192,0.33,0.7776
0,0.15,logreg,weighted + prior_full,0.7865,0.1107,0.0254,0.0254,0.867,-0.216,0.1522,0.15,0.0662,0.0526,0.49,
0,0.15,logreg,weighted + Platt,0.7861,0.1103,0.026,0.0302,1.0,-0.001,0.15,0.15,0.0667,0.0519,0.49,
0,0.15,logreg,weighted + isotonic,0.7802,0.1081,0.0088,0.0104,0.937,-0.087,0.1501,0.15,0.0645,0.0505,0.46,
0,0.15,logreg,weighted + prior_fitted,0.7865,0.1107,0.0244,0.0244,0.867,-0.236,0.1545,0.15,0.0663,0.053,0.49,0.9871
0,0.15,rf,weighted + prior_full,0.7866,0.109,0.0406,0.0406,1.029,0.475,0.1094,0.15,0.0639,0.052,0.59,
0,0.15,rf,weighted + Platt,0.7861,0.1061,0.0088,0.015,0.999,-0.001,0.15,0.15,0.0671,0.0546,0.55,
0,0.15,rf,weighted + isotonic,0.7789,0.1068,0.0091,0.0118,0.925,-0.104,0.15,0.15,0.0671,0.0527,0.6,
0,0.15,rf,weighted + prior_fitted,0.7866,0.1063,0.0191,0.0221,1.029,-0.097,0.1649,0.15,0.0651,0.055,0.55,0.6792
0,0.15,hgb,weighted + prior_full,0.7581,0.1116,0.0393,0.0401,0.683,-0.241,0.1242,0.15,0.0617,0.0487,0.46,
0,0.15,hgb,weighted + Platt,0.7577,0.1106,0.0244,0.0272,0.998,-0.003,0.15,0.15,0.0574,0.0509,0.6,
0,0.15,hgb,weighted + isotonic,0.7523,0.1099,0.0053,0.0138,0.862,-0.206,0.1505,0.15,0.0615,0.05,0.6,
0,0.15,hgb,weighted + prior_fitted,0.7581,0.1125,0.0333,0.0376,0.683,-0.508,0.161,0.15,0.0591,0.0499,0.46,0.7755
0,0.2,logreg,weighted + prior_full,0.7857,0.1334,0.0328,0.0402,0.892,-0.138,0.2011,0.2,0.0906,0.0906,0.54,
0,0.2,logreg,weighted + Platt,0.7856,0.1334,0.0392,0.042,0.999,-0.002,0.2001,0.2,0.0903,0.0903,0.55,
0,0.2,logreg,weighted + isotonic,0.7812,0.1293,0.0088,0.0143,0.955,-0.047,0.1997,0.2,0.0882,0.0882,0.53,
0,0.2,logreg,weighted + prior_fitted,0.7857,0.1334,0.0332,0.0392,0.892,-0.155,0.2033,0.2,0.0903,0.0903,0.54,0.9872
0,0.2,rf,weighted + prior_full,0.7861,0.131,0.0386,0.0386,1.011,0.315,0.1635,0.2,0.0914,0.0914,0.57,
0,0.2,rf,weighted + Platt,0.786,0.1289,0.0169,0.0175,1.0,0.0,0.2,0.2,0.092,0.092,0.57,
0,0.2,rf,weighted + isotonic,0.7819,0.1288,0.0074,0.0101,0.922,-0.082,0.1995,0.2,0.092,0.092,0.56,
0,0.2,rf,weighted + prior_fitted,0.7861,0.1292,0.0235,0.0254,1.01,-0.129,0.2186,0.2,0.091,0.091,0.56,0.6832
0,0.2,hgb,weighted + prior_full,0.7709,0.1341,0.0397,0.0413,0.719,-0.156,0.1777,0.2,0.0888,0.0888,0.53,
0,0.2,hgb,weighted + Platt,0.7707,0.1331,0.0356,0.039,1.0,0.0,0.1999,0.2,0.0867,0.0867,0.51,
0,0.2,hgb,weighted + isotonic,0.7664,0.1309,0.0071,0.0108,0.956,-0.046,0.1996,0.2,0.0902,0.0902,0.53,
0,0.2,hgb,weighted + prior_fitted,0.7709,0.1347,0.0408,0.0431,0.719,-0.378,0.2136,0.2,0.0874,0.0874,0.54,0.7776
0,0.3,logreg,weighted + prior_full,0.7961,0.1607,0.0341,0.0416,0.947,-0.038,0.2996,0.3,0.14,0.1765,0.6,
0,0.3,logreg,weighted + Platt,0.7958,0.1611,0.0387,0.041,0.994,-0.005,0.3001,0.3,0.1399,0.1767,0.6,
0,0.3,logreg,weighted + isotonic,0.7914,0.159,0.0118,0.0214,0.947,-0.036,0.3002,0.3,0.1414,0.1744,0.6,
0,0.3,logreg,weighted + prior_fitted,0.7961,0.1607,0.0347,0.0405,0.947,-0.048,0.3013,0.3,0.1402,0.1769,0.6,0.9874
0,0.3,rf,weighted + prior_full,0.8025,0.1565,0.0295,0.0321,1.016,0.184,0.2738,0.3,0.1445,0.1766,0.6,
0,0.3,rf,weighted + Platt,0.8022,0.1557,0.025,0.0281,0.997,-0.003,0.3001,0.3,0.1454,0.1766,0.6,
0,0.3,rf,weighted + isotonic,0.7967,0.1557,0.0113,0.019,0.944,-0.039,0.3003,0.3,0.1429,0.1744,0.6,
0,0.3,rf,weighted + prior_fitted,0.8025,0.1556,0.029,0.0305,1.016,-0.086,0.3151,0.3,0.1435,0.1768,0.6,0.6865
0,0.3,hgb,weighted + prior_full,0.7894,0.1618,0.0407,0.0417,0.772,-0.07,0.2856,0.3,0.1372,0.1704,0.6,
0,0.3,hgb,weighted + Platt,0.789,0.1612,0.0265,0.033,0.994,-0.005,0.3002,0.3,0.1385,0.1713,0.6,
0,0.3,hgb,weighted + isotonic,0.7855,0.1598,0.0127,0.0167,0.948,-0.034,0.2998,0.3,0.1364,0.1713,0.6,
0,0.3,hgb,weighted + prior_fitted,0.7894,0.162,0.0397,0.0427,0.772,-0.214,0.3122,0.3,0.1381,0.1703,0.6,0.78
0,0.4,logreg,weighted + prior_full,0.7811,0.1854,0.0264,0.0307,0.967,-0.012,0.3998,0.4,0.1723,0.2735,0.6,
0,0.4,logreg,weighted + Platt,0.7808,0.1857,0.0279,0.0319,0.996,-0.002,0.4,0.4,0.173,0.2728,0.6,
0,0.4,logreg,weighted + isotonic,0.7781,0.1845,0.0088,0.0181,0.939,-0.021,0.4003,0.4,0.1737,0.2731,0.6,
0,0.4,logreg,weighted + prior_fitted,0.7811,0.1854,0.0254,0.0314,0.967,-0.017,0.4008,0.4,0.173,0.2733,0.6,0.9871
0,0.4,rf,weighted + prior_full,0.788,0.1814,0.0205,0.0237,1.019,0.089,0.3853,0.4,0.1802,0.274,0.6,
0,0.4,rf,weighted + Platt,0.7877,0.1812,0.0121,0.0177,0.998,-0.001,0.4,0.4,0.1804,0.2738,0.6,
0,0.4,rf,weighted + isotonic,0.7836,0.182,0.0103,0.0198,0.946,-0.018,0.4002,0.4,0.1793,0.2731,0.6,
0,0.4,rf,weighted + prior_fitted,0.788,0.1812,0.0149,0.018,1.02,-0.044,0.409,0.4,0.178,0.2742,0.6,0.6797
0,0.4,hgb,weighted + prior_full,0.7695,0.1901,0.0335,0.0368,0.754,-0.041,0.3917,0.4,0.1677,0.269,0.6,
0,0.4,hgb,weighted + Platt,0.7692,0.189,0.0234,0.0332,0.997,-0.0,0.3999,0.4,0.1682,0.2679,0.6,
0,0.4,hgb,weighted + isotonic,0.7637,0.1891,0.0132,0.0215,0.914,-0.028,0.4,0.4,0.1662,0.2702,0.6,
0,0.4,hgb,weighted + prior_fitted,0.7695,0.1901,0.0354,0.0374,0.754,-0.109,0.4069,0.4,0.1684,0.2702,0.6,0.7758
0,0.5,logreg,weighted + prior_full,0.7941,0.185,0.0273,0.0295,0.993,-0.001,0.5,0.5,0.2308,0.3828,0.6,
0,0.5,logreg,weighted + Platt,0.7936,0.1853,0.0288,0.0302,0.996,-0.0,0.5,0.5,0.231,0.3823,0.6,
0,0.5,logreg,weighted + isotonic,0.7898,0.185,0.0098,0.0185,0.948,-0.004,0.5003,0.5,0.2317,0.3825,0.6,
0,0.5,logreg,weighted + prior_fitted,0.7941,0.185,0.0273,0.0295,0.993,-0.001,0.5,0.5,0.2308,0.3828,0.6,0.9865
0,0.5,rf,weighted + prior_full,0.7968,0.1824,0.012,0.017,1.007,-0.0,0.5001,0.5,0.2338,0.3861,0.6,
0,0.5,rf,weighted + Platt,0.7961,0.1826,0.0132,0.0184,0.996,0.0,0.4999,0.5,0.2337,0.3864,0.6,
0,0.5,rf,weighted + isotonic,0.7921,0.1832,0.0147,0.021,0.931,-0.001,0.4999,0.5,0.2332,0.3872,0.6,
0,0.5,rf,weighted + prior_fitted,0.7968,0.1824,0.012,0.017,1.007,-0.0,0.5001,0.5,0.2338,0.3861,0.6,0.6574
0,0.5,hgb,weighted + prior_full,0.7822,0.1899,0.0342,0.0346,0.775,-0.016,0.5014,0.5,0.2197,0.3819,0.6,
0,0.5,hgb,weighted + Platt,0.7818,0.1892,0.0195,0.0247,0.996,-0.0,0.5,0.5,0.22,0.3834,0.6,
0,0.5,hgb,weighted + isotonic,0.7776,0.1894,0.009,0.0195,0.919,-0.002,0.4997,0.5,0.2162,0.3841,0.6,
0,0.5,hgb,weighted + prior_fitted,0.7822,0.1899,0.0342,0.0346,0.775,-0.016,0.5014,0.5,0.2197,0.3819,0.6,0.763
1,0.05,logreg,weighted + prior_full,0.7919,0.0471,0.0115,0.0131,0.736,-0.739,0.0544,0.05,0.0231,0.0022,0.23,
1,0.05,logreg,weighted + Platt,0.7903,0.0455,0.0115,0.0185,0.979,-0.061,0.0502,0.05,0.0233,-0.0002,0.19,
1,0.05,logreg,weighted + isotonic,0.7799,0.044,0.0036,0.0055,0.868,-0.322,0.0501,0.05,0.0219,0.0007,0.21,
1,0.05,logreg,weighted + prior_fitted,0.7919,0.0472,0.0116,0.0133,0.737,-0.764,0.0559,0.05,0.0229,0.0017,0.23,0.9881
1,0.05,rf,weighted + prior_full,0.78,0.0462,0.0301,0.0302,0.936,0.78,0.02,0.05,0.0154,0.0005,0.2,
1,0.05,rf,weighted + Platt,0.7791,0.0444,0.002,0.0064,0.998,-0.005,0.05,0.05,0.0221,0.002,0.37,
1,0.05,rf,weighted + isotonic,0.768,0.0446,0.0029,0.0055,0.826,-0.437,0.0501,0.05,0.0227,0.0021,0.38,
1,0.05,rf,weighted + prior_fitted,0.78,0.0445,0.0092,0.0101,0.936,0.042,0.0414,0.05,0.0205,0.0015,0.36,0.7313
1,0.05,hgb,weighted + prior_full,0.7439,0.0465,0.0286,0.029,0.49,-0.812,0.0261,0.05,0.0145,0.0005,0.6,
1,0.05,hgb,weighted + Platt,0.7428,0.0453,0.0012,0.0031,0.993,-0.017,0.05,0.05,0.0171,0.0007,0.37,
1,0.05,hgb,weighted + isotonic,0.7289,0.0455,0.0023,0.0072,0.846,-0.401,0.0501,0.05,0.0156,0.001,0.49,
1,0.05,hgb,weighted + prior_fitted,0.7439,0.0472,0.0244,0.025,0.49,-1.101,0.0424,0.05,0.0166,0.0,0.2,0.7997
1,0.1,logreg,weighted + prior_full,0.7731,0.0819,0.0154,0.016,0.863,-0.282,0.1019,0.1,0.0413,0.0179,0.42,
1,0.1,logreg,weighted + Platt,0.7726,0.0814,0.0184,0.0196,0.998,-0.004,0.1,0.1,0.0413,0.0164,0.39,
1,0.1,logreg,weighted + isotonic,0.7636,0.0807,0.006,0.0081,0.888,-0.205,0.1001,0.1,0.0406,0.0211,0.4,
1,0.1,logreg,weighted + prior_fitted,0.7731,0.0819,0.0153,0.0159,0.864,-0.303,0.1041,0.1,0.0416,0.0183,0.42,0.9874
1,0.1,rf,weighted + prior_full,0.7701,0.0837,0.0396,0.0402,0.945,0.465,0.0607,0.1,0.0383,0.0095,0.39,
1,0.1,rf,weighted + Platt,0.7691,0.0813,0.0108,0.0159,0.995,-0.008,0.0999,0.1,0.0425,0.0204,0.47,
1,0.1,rf,weighted + isotonic,0.7605,0.0809,0.0039,0.0088,0.917,-0.152,0.1,0.1,0.0424,0.0207,0.46,
1,0.1,rf,weighted + prior_fitted,0.7701,0.0814,0.015,0.0168,0.945,-0.201,0.1088,0.1,0.0415,0.0215,0.33,0.6793
1,0.1,hgb,weighted + prior_full,0.7457,0.0842,0.0386,0.0386,0.576,-0.51,0.0739,0.1,0.0372,0.0138,0.3,
1,0.1,hgb,weighted + Platt,0.7439,0.0826,0.0076,0.0187,0.985,-0.027,0.0999,0.1,0.0367,0.0145,0.53,
1,0.1,hgb,weighted + isotonic,0.7371,0.0827,0.0065,0.0075,0.901,-0.185,0.0998,0.1,0.0389,0.0153,0.38,
1,0.1,hgb,weighted + prior_fitted,0.7457,0.0856,0.0289,0.0314,0.576,-0.791,0.106,0.1,0.0384,0.0155,0.3,0.7776
1,0.15,logreg,weighted + prior_full,0.8008,0.1072,0.0225,0.0242,0.862,-0.216,0.1514,0.15,0.0707,0.0589,0.5,
1,0.15,logreg,weighted + Platt,0.8004,0.1071,0.0305,0.0327,0.996,-0.007,0.1501,0.15,0.0711,0.059,0.49,
1,0.15,logreg,weighted + isotonic,0.7946,0.1044,0.005,0.0096,0.939,-0.081,0.15,0.15,0.0694,0.0585,0.51,
1,0.15,logreg,weighted + prior_fitted,0.8008,0.1072,0.0226,0.0249,0.862,-0.235,0.1536,0.15,0.0711,0.0589,0.5,0.9871
1,0.15,rf,weighted + prior_full,0.7955,0.1062,0.0414,0.0414,1.024,0.469,0.1101,0.15,0.07,0.0597,0.6,
1,0.15,rf,weighted + Platt,0.7952,0.1033,0.0143,0.0238,0.999,-0.003,0.1501,0.15,0.0725,0.0607,0.51,
1,0.15,rf,weighted + isotonic,0.7894,0.103,0.0071,0.0131,0.936,-0.089,0.1501,0.15,0.0733,0.0615,0.49,
1,0.15,rf,weighted + prior_fitted,0.7955,0.1034,0.0217,0.0236,1.023,-0.1,0.164,0.15,0.0709,0.0607,0.52,0.6792
1,0.15,hgb,weighted + prior_full,0.7726,0.1071,0.032,0.0325,0.708,-0.205,0.1265,0.15,0.0668,0.0568,0.54,
1,0.15,hgb,weighted + Platt,0.7722,0.1064,0.0228,0.0245,0.997,-0.005,0.15,0.15,0.0656,0.0565,0.54,
1,0.15,hgb,weighted + isotonic,0.7686,0.106,0.0057,0.0111,0.954,-0.065,0.1499,0.15,0.0662,0.0573,0.52,
1,0.15,hgb,weighted + prior_fitted,0.7726,0.108,0.034,0.035,0.708,-0.481,0.1619,0.15,0.0651,0.0561,0.53,0.7755
1,0.2,logreg,weighted + prior_full,0.7754,0.1344,0.0245,0.0308,0.898,-0.132,0.201,0.2,0.0857,0.0857,0.57,
1,0.2,logreg,weighted + Platt,0.7752,0.1343,0.0309,0.0328,1.001,0.001,0.2,0.2,0.0854,0.0854,0.57,
1,0.2,logreg,weighted + isotonic,0.7685,0.1328,0.0102,0.0177,0.943,-0.062,0.1998,0.2,0.0822,0.0822,0.54,
1,0.2,logreg,weighted + prior_fitted,0.7754,0.1344,0.0236,0.0299,0.898,-0.148,0.2033,0.2,0.085,0.085,0.57,0.9872
1,0.2,rf,weighted + prior_full,0.7747,0.1346,0.0411,0.0411,1.006,0.324,0.161,0.2,0.0842,0.0842,0.57,
1,0.2,rf,weighted + Platt,0.7746,0.1323,0.0181,0.0208,1.0,0.001,0.2,0.2,0.0822,0.0822,0.57,
1,0.2,rf,weighted + isotonic,0.7704,0.1324,0.0079,0.0116,0.896,-0.111,0.1994,0.2,0.0835,0.0835,0.57,
1,0.2,rf,weighted + prior_fitted,0.7747,0.1326,0.0249,0.0265,1.006,-0.117,0.2168,0.2,0.0835,0.0835,0.54,0.6832
1,0.2,hgb,weighted + prior_full,0.7498,0.14,0.042,0.043,0.662,-0.236,0.176,0.2,0.0779,0.0779,0.53,
1,0.2,hgb,weighted + Platt,0.7497,0.1381,0.0229,0.0233,1.0,0.0,0.2,0.2,0.078,0.078,0.54,
1,0.2,hgb,weighted + isotonic,0.7445,0.1374,0.0069,0.013,0.944,-0.064,0.1999,0.2,0.0799,0.0799,0.54,
1,0.2,hgb,weighted + prior_fitted,0.7498,0.1409,0.037,0.0375,0.662,-0.44,0.2123,0.2,0.0787,0.0787,0.51,0.7776
1,0.3,logreg,weighted + prior_full,0.7722,0.167,0.0244,0.0301,0.96,-0.028,0.2996,0.3,0.1271,0.1673,0.6,
1,0.3,logreg,weighted + Platt,0.7717,0.1673,0.0252,0.0312,0.993,-0.006,0.3002,0.3,0.1263,0.1658,0.6,
1,0.3,logreg,weighted + isotonic,0.768,0.1667,0.01,0.0135,0.94,-0.043,0.3001,0.3,0.126,0.1668,0.6,
1,0.3,logreg,weighted + prior_fitted,0.7722,0.167,0.0224,0.03,0.96,-0.039,0.3013,0.3,0.1266,0.1668,0.6,0.9874
1,0.3,rf,weighted + prior_full,0.7705,0.1669,0.029,0.0317,0.995,0.164,0.2728,0.3,0.1291,0.1635,0.6,
1,0.3,rf,weighted + Platt,0.7697,0.1662,0.0129,0.0191,0.994,-0.005,0.3001,0.3,0.1277,0.1634,0.6,
1,0.3,rf,weighted + isotonic,0.7661,0.1662,0.0104,0.0175,0.916,-0.062,0.3003,0.3,0.1306,0.1618,0.6,
1,0.3,rf,weighted + prior_fitted,0.7705,0.1663,0.0232,0.0277,0.996,-0.1,0.3164,0.3,0.1252,0.1639,0.6,0.6865
1,0.3,hgb,weighted + prior_full,0.7524,0.1729,0.0387,0.0429,0.743,-0.114,0.2868,0.3,0.1192,0.154,0.6,
1,0.3,hgb,weighted + Platt,0.7518,0.172,0.0234,0.027,0.991,-0.007,0.3001,0.3,0.118,0.1555,0.6,
1,0.3,hgb,weighted + isotonic,0.7482,0.1716,0.0097,0.0131,0.896,-0.078,0.3003,0.3,0.1198,0.1561,0.6,
1,0.3,hgb,weighted + prior_fitted,0.7524,0.1736,0.0413,0.0438,0.743,-0.253,0.3154,0.3,0.1165,0.1575,0.6,0.78
1,0.4,logreg,weighted + prior_full,0.7821,0.1855,0.0332,0.0372,0.97,-0.009,0.3994,0.4,0.1744,0.2708,0.6,
1,0.4,logreg,weighted + Platt,0.782,0.1857,0.0357,0.0382,1.0,0.0,0.4,0.4,0.1739,0.2713,0.6,
1,0.4,logreg,weighted + isotonic,0.7777,0.1842,0.0122,0.0131,0.945,-0.015,0.3995,0.4,0.1734,0.2679,0.6,
1,0.4,logreg,weighted + prior_fitted,0.7821,0.1855,0.0331,0.0374,0.97,-0.014,0.4004,0.4,0.1733,0.2711,0.6,0.9871
1,0.4,rf,weighted + prior_full,0.7894,0.1802,0.019,0.0228,1.018,0.089,0.3853,0.4,0.1798,0.2729,0.6,
1,0.4,rf,weighted + Platt,0.7892,0.18,0.013,0.0213,1.0,0.0,0.4,0.4,0.1807,0.273,0.6,
1,0.4,rf,weighted + isotonic,0.7853,0.1804,0.0097,0.0185,0.96,-0.015,0.4003,0.4,0.1794,0.275,0.6,
1,0.4,rf,weighted + prior_fitted,0.7894,0.18,0.0166,0.0184,1.018,-0.043,0.4089,0.4,0.1804,0.2732,0.6,0.6797
1,0.4,hgb,weighted + prior_full,0.7805,0.1847,0.0295,0.0311,0.81,-0.029,0.3932,0.4,0.1764,0.2702,0.6,
1,0.4,hgb,weighted + Platt,0.7803,0.1842,0.0205,0.0331,0.999,-0.001,0.4,0.4,0.1758,0.2696,0.6,
1,0.4,hgb,weighted + isotonic,0.7775,0.1839,0.0052,0.0108,0.954,-0.015,0.3999,0.4,0.175,0.2698,0.6,
1,0.4,hgb,weighted + prior_fitted,0.7805,0.1847,0.0234,0.0283,0.81,-0.103,0.4085,0.4,0.1767,0.2701,0.6,0.7758
1,0.5,logreg,weighted + prior_full,0.7862,0.1891,0.027,0.0301,0.994,0.0,0.4999,0.5,0.2187,0.3836,0.6,
1,0.5,logreg,weighted + Platt,0.7861,0.1892,0.0283,0.0312,1.0,-0.0,0.5,0.5,0.218,0.3839,0.6,
1,0.5,logreg,weighted + isotonic,0.7826,0.1894,0.0106,0.0149,0.945,-0.001,0.5001,0.5,0.2142,0.3858,0.6,
1,0.5,logreg,weighted + prior_fitted,0.7862,0.1891,0.027,0.0301,0.994,0.0,0.4999,0.5,0.2187,0.3836,0.6,0.9865
1,0.5,rf,weighted + prior_full,0.7875,0.1869,0.0097,0.0237,1.003,0.004,0.4992,0.5,0.2207,0.3853,0.6,
1,0.5,rf,weighted + Platt,0.7871,0.187,0.0137,0.0236,0.998,-0.0,0.5,0.5,0.2203,0.3856,0.6,
1,0.5,rf,weighted + isotonic,0.784,0.1871,0.0122,0.017,0.95,-0.002,0.5002,0.5,0.2247,0.3836,0.6,
1,0.5,rf,weighted + prior_fitted,0.7875,0.1869,0.0097,0.0237,1.003,0.004,0.4992,0.5,0.2207,0.3853,0.6,0.6574
1,0.5,hgb,weighted + prior_full,0.7748,0.1937,0.0371,0.0432,0.774,-0.005,0.5005,0.5,0.2155,0.3801,0.6,
1,0.5,hgb,weighted + Platt,0.7744,0.193,0.0218,0.0303,0.997,-0.0,0.5,0.5,0.2148,0.3838,0.6,
1,0.5,hgb,weighted + isotonic,0.7708,0.1928,0.0092,0.0176,0.952,-0.0,0.4999,0.5,0.2153,0.3836,0.6,
1,0.5,hgb,weighted + prior_fitted,0.7748,0.1937,0.0371,0.0432,0.774,-0.005,0.5005,0.5,0.2155,0.3801,0.6,0.763
2,0.05,logreg,weighted + prior_full,0.764,0.0462,0.009,0.0132,0.8,-0.552,0.0521,0.05,0.0223,0.0019,0.24,
2,0.05,logreg,weighted + Platt,0.7624,0.0455,0.0107,0.0151,0.99,-0.028,0.05,0.05,0.0216,0.002,0.22,
2,0.05,logreg,weighted + isotonic,0.7557,0.0441,0.0031,0.0074,0.899,-0.246,0.05,0.05,0.0224,0.0036,0.22,
2,0.05,logreg,weighted + prior_fitted,0.764,0.0463,0.0104,0.0124,0.799,-0.582,0.0536,0.05,0.0221,0.0023,0.24,0.9881
2,0.05,rf,weighted + prior_full,0.7531,0.0461,0.0298,0.0298,0.993,0.947,0.0206,0.05,0.0182,-0.0002,0.17,
2,0.05,rf,weighted + Platt,0.7515,0.0442,0.0094,0.0106,0.998,-0.005,0.05,0.05,0.0205,0.0017,0.26,
2,0.05,rf,weighted + isotonic,0.7397,0.0438,0.0017,0.0056,0.885,-0.289,0.0502,0.05,0.0198,0.0033,0.24,
2,0.05,rf,weighted + prior_fitted,0.7531,0.0443,0.0085,0.0085,0.993,0.16,0.0427,0.05,0.021,0.0025,0.25,0.7313
2,0.05,hgb,weighted + prior_full,0.7035,0.0464,0.0276,0.0278,0.455,-0.99,0.0268,0.05,0.0153,0.001,0.22,
2,0.05,hgb,weighted + Platt,0.703,0.0455,0.0091,0.0126,0.997,-0.008,0.05,0.05,0.0131,-0.0,0.19,
2,0.05,hgb,weighted + isotonic,0.686,0.0455,0.0016,0.0079,0.848,-0.4,0.0499,0.05,0.0139,0.0012,0.22,
2,0.05,hgb,weighted + prior_fitted,0.7035,0.0471,0.0217,0.0233,0.455,-1.258,0.0436,0.05,0.0161,-0.0001,0.19,0.7997
2,0.1,logreg,weighted + prior_full,0.7994,0.0798,0.0178,0.0181,0.843,-0.319,0.1025,0.1,0.0471,0.0245,0.42,
2,0.1,logreg,weighted + Platt,0.7989,0.0792,0.0211,0.0214,1.0,0.0,0.1,0.1,0.0467,0.0232,0.43,
2,0.1,logreg,weighted + isotonic,0.7921,0.0778,0.0048,0.0069,0.91,-0.159,0.1002,0.1,0.0456,0.0262,0.42,
2,0.1,logreg,weighted + prior_fitted,0.7994,0.0798,0.0185,0.0185,0.843,-0.342,0.1045,0.1,0.047,0.0245,0.43,0.9874
2,0.1,rf,weighted + prior_full,0.7982,0.0811,0.0387,0.0387,1.024,0.653,0.0613,0.1,0.0431,0.016,0.47,
2,0.1,rf,weighted + Platt,0.7973,0.0782,0.0081,0.0116,0.994,-0.011,0.1,0.1,0.0455,0.0257,0.45,
2,0.1,rf,weighted + isotonic,0.7917,0.0783,0.0044,0.011,0.904,-0.167,0.0999,0.1,0.045,0.0258,0.42,
2,0.1,rf,weighted + prior_fitted,0.7982,0.0782,0.0132,0.0143,1.023,-0.069,0.1087,0.1,0.0449,0.0252,0.6,0.6793
2,0.1,hgb,weighted + prior_full,0.779,0.0809,0.0336,0.0342,0.659,-0.286,0.0724,0.1,0.0395,0.0191,0.44,
2,0.1,hgb,weighted + Platt,0.7789,0.0797,0.0061,0.0102,1.001,0.002,0.0999,0.1,0.0434,0.0203,0.6,
2,0.1,hgb,weighted + isotonic,0.7708,0.0799,0.0041,0.0081,0.924,-0.137,0.1,0.1,0.0421,0.0191,0.6,
2,0.1,hgb,weighted + prior_fitted,0.779,0.0814,0.0223,0.0232,0.658,-0.609,0.1035,0.1,0.0429,0.0199,0.37,0.7776
2,0.15,logreg,weighted + prior_full,0.7777,0.1101,0.0278,0.0291,0.881,-0.185,0.1506,0.15,0.0667,0.0565,0.49,
2,0.15,logreg,weighted + Platt,0.7765,0.1102,0.0331,0.0353,0.994,-0.009,0.15,0.15,0.0671,0.0561,0.49,
2,0.15,logreg,weighted + isotonic,0.7689,0.1069,0.008,0.0147,0.947,-0.072,0.1498,0.15,0.0654,0.0563,0.48,
2,0.15,logreg,weighted + prior_fitted,0.7777,0.1101,0.0279,0.0291,0.882,-0.204,0.153,0.15,0.067,0.0564,0.5,0.9871
2,0.15,rf,weighted + prior_full,0.785,0.1083,0.0395,0.0395,1.042,0.489,0.1105,0.15,0.0647,0.0527,0.6,
2,0.15,rf,weighted + Platt,0.7836,0.1056,0.015,0.0174,0.995,-0.007,0.15,0.15,0.0669,0.0566,0.57,
2,0.15,rf,weighted + isotonic,0.7775,0.1056,0.0077,0.0115,0.917,-0.116,0.1501,0.15,0.0667,0.0537,0.6,
2,0.15,rf,weighted + prior_fitted,0.785,0.1057,0.0186,0.0228,1.041,-0.092,0.1661,0.15,0.064,0.0554,0.59,0.6792
2,0.15,hgb,weighted + prior_full,0.7703,0.1094,0.0343,0.0352,0.718,-0.193,0.1258,0.15,0.062,0.0505,0.58,
2,0.15,hgb,weighted + Platt,0.7691,0.1085,0.0118,0.0207,0.991,-0.013,0.15,0.15,0.0624,0.0505,0.6,
2,0.15,hgb,weighted + isotonic,0.7622,0.1087,0.0057,0.0136,0.931,-0.098,0.15,0.15,0.0617,0.05,0.55,
2,0.15,hgb,weighted + prior_fitted,0.7703,0.1103,0.0286,0.0286,0.718,-0.473,0.1622,0.15,0.0624,0.0504,0.5,0.7755
2,0.2,logreg,weighted + prior_full,0.7934,0.1295,0.023,0.0342,0.913,-0.106,0.2003,0.2,0.0903,0.0903,0.6,
2,0.2,logreg,weighted + Platt,0.7921,0.1298,0.0283,0.0361,0.993,-0.008,0.1999,0.2,0.0898,0.0898,0.6,
2,0.2,logreg,weighted + isotonic,0.788,0.1277,0.0095,0.0127,0.916,-0.092,0.2,0.2,0.0897,0.0897,0.57,
2,0.2,logreg,weighted + prior_fitted,0.7934,0.1295,0.0237,0.0334,0.913,-0.122,0.2025,0.2,0.0898,0.0898,0.6,0.9872
2,0.2,rf,weighted + prior_full,0.7909,0.1299,0.0388,0.0388,1.012,0.326,0.1627,0.2,0.0918,0.0918,0.59,
2,0.2,rf,weighted + Platt,0.7899,0.1279,0.0136,0.0187,0.995,-0.006,0.2,0.2,0.0903,0.0903,0.59,
2,0.2,rf,weighted + isotonic,0.7856,0.1279,0.0055,0.0119,0.903,-0.11,0.2003,0.2,0.0917,0.0917,0.59,
2,0.2,rf,weighted + prior_fitted,0.7909,0.128,0.021,0.0252,1.012,-0.118,0.2172,0.2,0.0881,0.0881,0.6,0.6832
2,0.2,hgb,weighted + prior_full,0.7669,0.1347,0.0384,0.0421,0.72,-0.163,0.1778,0.2,0.0825,0.0825,0.55,
2,0.2,hgb,weighted + Platt,0.7662,0.1338,0.0261,0.0296,0.991,-0.01,0.2,0.2,0.0822,0.0822,0.54,
2,0.2,hgb,weighted + isotonic,0.7611,0.1325,0.0063,0.0143,0.95,-0.056,0.2,0.2,0.0821,0.0821,0.52,
2,0.2,hgb,weighted + prior_fitted,0.7669,0.1354,0.032,0.0348,0.72,-0.385,0.2137,0.2,0.0831,0.0831,0.54,0.7776
2,0.3,logreg,weighted + prior_full,0.7868,0.1637,0.0297,0.0297,0.954,-0.033,0.2998,0.3,0.1329,0.1726,0.6,
2,0.3,logreg,weighted + Platt,0.7863,0.164,0.0302,0.0315,0.997,-0.003,0.3,0.3,0.1329,0.1717,0.6,
2,0.3,logreg,weighted + isotonic,0.7821,0.1633,0.0104,0.0124,0.949,-0.034,0.3,0.3,0.1325,0.1705,0.6,
2,0.3,logreg,weighted + prior_fitted,0.7868,0.1637,0.0301,0.0313,0.954,-0.043,0.3015,0.3,0.1333,0.1728,0.6,0.9874
2,0.3,rf,weighted + prior_full,0.7864,0.1622,0.0284,0.0293,1.022,0.19,0.2728,0.3,0.1321,0.1694,0.6,
2,0.3,rf,weighted + Platt,0.7861,0.1614,0.014,0.015,0.998,-0.002,0.3001,0.3,0.1302,0.1731,0.6,
2,0.3,rf,weighted + isotonic,0.7797,0.1619,0.0077,0.0224,0.92,-0.054,0.2999,0.3,0.1295,0.1725,0.6,
2,0.3,rf,weighted + prior_fitted,0.7864,0.1615,0.0218,0.0254,1.023,-0.082,0.3157,0.3,0.1302,0.1717,0.6,0.6865
2,0.3,hgb,weighted + prior_full,0.7701,0.1672,0.0342,0.0375,0.777,-0.079,0.2868,0.3,0.1243,0.1615,0.6,
2,0.3,hgb,weighted + Platt,0.7699,0.1665,0.0227,0.0229,0.998,-0.002,0.3001,0.3,0.1217,0.1617,0.6,
2,0.3,hgb,weighted + isotonic,0.766,0.1666,0.0104,0.0163,0.948,-0.036,0.3,0.3,0.1245,0.1605,0.6,
2,0.3,hgb,weighted + prior_fitted,0.7701,0.1678,0.0383,0.0384,0.777,-0.224,0.3148,0.3,0.1222,0.1627,0.6,0.78
2,0.4,logreg,weighted + prior_full,0.7878,0.1831,0.0437,0.0437,0.968,-0.01,0.3994,0.4,0.184,0.2729,0.6,
2,0.4,logreg,weighted + Platt,0.7877,0.1834,0.0452,0.0452,0.999,-0.001,0.4001,0.4,0.1831,0.271,0.6,
2,0.4,logreg,weighted + isotonic,0.784,0.1813,0.0071,0.014,0.96,-0.012,0.3999,0.4,0.1822,0.271,0.6,
2,0.4,logreg,weighted + prior_fitted,0.7878,0.1831,0.0436,0.0436,0.968,-0.015,0.4003,0.4,0.184,0.2727,0.6,0.9871
2,0.4,rf,weighted + prior_full,0.7868,0.1812,0.0185,0.0219,0.995,0.079,0.3855,0.4,0.179,0.2743,0.6,
2,0.4,rf,weighted + Platt,0.7867,0.181,0.0131,0.0319,0.999,-0.001,0.4001,0.4,0.1783,0.2745,0.6,
2,0.4,rf,weighted + isotonic,0.7839,0.181,0.0095,0.0193,0.959,-0.012,0.3998,0.4,0.1769,0.2727,0.6,
2,0.4,rf,weighted + prior_fitted,0.7868,0.181,0.014,0.0271,0.996,-0.051,0.409,0.4,0.1789,0.2743,0.6,0.6797
2,0.4,hgb,weighted + prior_full,0.7752,0.1862,0.0275,0.037,0.788,-0.037,0.3934,0.4,0.1745,0.2657,0.6,
2,0.4,hgb,weighted + Platt,0.775,0.1857,0.0272,0.0318,0.999,-0.001,0.4001,0.4,0.1737,0.2668,0.6,
2,0.4,hgb,weighted + isotonic,0.7715,0.1851,0.0079,0.0167,0.949,-0.02,0.4005,0.4,0.1755,0.2662,0.6,
2,0.4,hgb,weighted + prior_fitted,0.7752,0.1864,0.036,0.0402,0.788,-0.109,0.4086,0.4,0.175,0.2639,0.6,0.7758
2,0.5,logreg,weighted + prior_full,0.7924,0.1858,0.0301,0.0377,0.992,-0.001,0.5,0.5,0.2253,0.3815,0.6,
2,0.5,logreg,weighted + Platt,0.7921,0.186,0.0314,0.0392,0.997,-0.0,0.5,0.5,0.2257,0.3805,0.6,
2,0.5,logreg,weighted + isotonic,0.7889,0.1852,0.009,0.0123,0.95,-0.002,0.5,0.5,0.2223,0.381,0.6,
2,0.5,logreg,weighted + prior_fitted,0.7924,0.1858,0.0301,0.0377,0.992,-0.001,0.5,0.5,0.2253,0.3815,0.6,0.9865
2,0.5,rf,weighted + prior_full,0.7942,0.1837,0.0181,0.0226,1.01,0.008,0.4986,0.5,0.225,0.3845,0.6,
2,0.5,rf,weighted + Platt,0.794,0.1838,0.0163,0.0222,0.999,0.0,0.5,0.5,0.2248,0.3838,0.6,
2,0.5,rf,weighted + isotonic,0.7907,0.184,0.0053,0.0157,0.942,-0.003,0.5001,0.5,0.2253,0.3831,0.6,
2,0.5,rf,weighted + prior_fitted,0.7942,0.1837,0.0181,0.0226,1.01,0.008,0.4986,0.5,0.225,0.3845,0.6,0.6574
2,0.5,hgb,weighted + prior_full,0.7833,0.1904,0.0334,0.0335,0.781,-0.01,0.4999,0.5,0.2175,0.3798,0.6,
2,0.5,hgb,weighted + Platt,0.7831,0.1896,0.0188,0.0276,0.997,-0.0,0.5,0.5,0.2177,0.381,0.6,
2,0.5,hgb,weighted + isotonic,0.7796,0.1894,0.0049,0.0177,0.946,0.0,0.4996,0.5,0.2207,0.3802,0.6,
2,0.5,hgb,weighted + prior_fitted,0.7833,0.1904,0.0334,0.0335,0.781,-0.01,0.4999,0.5,0.2175,0.3798,0.6,0.763
3,0.05,logreg,weighted + prior_full,0.7671,0.0467,0.0085,0.0123,0.767,-0.647,0.0524,0.05,0.0217,0.0018,0.23,
3,0.05,logreg,weighted + Platt,0.7666,0.0457,0.005,0.0154,0.984,-0.047,0.0501,0.05,0.0216,0.0009,0.22,
3,0.05,logreg,weighted + isotonic,0.7615,0.0445,0.0033,0.0033,0.904,-0.236,0.0499,0.05,0.022,0.0005,0.25,
3,0.05,logreg,weighted + prior_fitted,0.7671,0.0467,0.0072,0.0126,0.766,-0.674,0.054,0.05,0.0217,0.002,0.23,0.9881
3,0.05,rf,weighted + prior_full,0.7409,0.0465,0.0303,0.0303,0.912,0.692,0.0197,0.05,0.0147,0.0003,0.24,
3,0.05,rf,weighted + Platt,0.7404,0.0448,0.0057,0.0059,0.996,-0.01,0.05,0.05,0.0185,0.0012,0.43,
3,0.05,rf,weighted + isotonic,0.7302,0.0452,0.0055,0.0085,0.747,-0.668,0.0501,0.05,0.0176,-0.0012,0.4,
3,0.05,rf,weighted + prior_fitted,0.7409,0.0448,0.0088,0.0092,0.912,-0.028,0.0412,0.05,0.0195,0.0017,0.41,0.7313
3,0.05,hgb,weighted + prior_full,0.6964,0.0463,0.0261,0.0271,0.452,-1.008,0.0259,0.05,0.0142,0.0015,0.3,
3,0.05,hgb,weighted + Platt,0.695,0.0457,0.0045,0.0058,0.988,-0.033,0.05,0.05,0.014,0.0013,0.29,
3,0.05,hgb,weighted + isotonic,0.6873,0.0458,0.0041,0.0051,0.81,-0.512,0.05,0.05,0.0139,0.0008,0.3,
3,0.05,hgb,weighted + prior_fitted,0.6964,0.0468,0.0206,0.0242,0.452,-1.274,0.0426,0.05,0.015,-0.0007,0.19,0.7997
3,0.1,logreg,weighted + prior_full,0.7905,0.0805,0.0186,0.0207,0.851,-0.299,0.1016,0.1,0.046,0.0249,0.4,
3,0.1,logreg,weighted + Platt,0.7899,0.0801,0.0246,0.0246,0.994,-0.014,0.1002,0.1,0.0458,0.0232,0.39,
3,0.1,logreg,weighted + isotonic,0.7847,0.0783,0.0057,0.0088,0.918,-0.149,0.1004,0.1,0.0469,0.0247,0.36,
3,0.1,logreg,weighted + prior_fitted,0.7905,0.0805,0.0197,0.0205,0.851,-0.323,0.1037,0.1,0.0461,0.0249,0.41,0.9874
3,0.1,rf,weighted + prior_full,0.7824,0.0818,0.0401,0.0401,0.954,0.5,0.0608,0.1,0.0429,0.0169,0.49,
3,0.1,rf,weighted + Platt,0.7811,0.0792,0.0108,0.0182,0.99,-0.02,0.1002,0.1,0.0431,0.025,0.6,
3,0.1,rf,weighted + isotonic,0.7723,0.0788,0.0017,0.0065,0.873,-0.232,0.1004,0.1,0.0452,0.0262,0.6,
3,0.1,rf,weighted + prior_fitted,0.7824,0.0792,0.0131,0.0151,0.955,-0.173,0.1078,0.1,0.042,0.0258,0.6,0.6793
3,0.1,hgb,weighted + prior_full,0.768,0.0829,0.0396,0.0397,0.628,-0.363,0.0733,0.1,0.0398,0.0185,0.33,
3,0.1,hgb,weighted + Platt,0.7671,0.0812,0.0116,0.0163,0.991,-0.018,0.1001,0.1,0.0392,0.022,0.58,
3,0.1,hgb,weighted + isotonic,0.7588,0.0807,0.0105,0.0106,0.887,-0.21,0.1003,0.1,0.0374,0.0214,0.6,
3,0.1,hgb,weighted + prior_fitted,0.768,0.084,0.0319,0.0351,0.628,-0.67,0.1044,0.1,0.0387,0.0208,0.33,0.7776
3,0.15,logreg,weighted + prior_full,0.7886,0.1087,0.0241,0.0241,0.875,-0.203,0.152,0.15,0.067,0.0536,0.53,
3,0.15,logreg,weighted + Platt,0.7883,0.1083,0.0238,0.0271,1.0,-0.001,0.15,0.15,0.0673,0.0541,0.54,
3,0.15,logreg,weighted + isotonic,0.7834,0.1068,0.0078,0.0113,0.943,-0.078,0.15,0.15,0.0679,0.0553,0.6,
3,0.15,logreg,weighted + prior_fitted,0.7886,0.1087,0.0227,0.0227,0.875,-0.223,0.1543,0.15,0.0669,0.0541,0.53,0.9871
3,0.15,rf,weighted + prior_full,0.7859,0.1088,0.0409,0.0414,1.015,0.453,0.1095,0.15,0.0647,0.0532,0.56,
3,0.15,rf,weighted + Platt,0.7857,0.106,0.008,0.0153,1.001,0.001,0.1501,0.15,0.0659,0.0554,0.6,
3,0.15,rf,weighted + isotonic,0.7797,0.1063,0.0073,0.0105,0.941,-0.083,0.1501,0.15,0.0658,0.0553,0.59,
3,0.15,rf,weighted + prior_fitted,0.7859,0.1062,0.0153,0.0202,1.015,-0.112,0.1644,0.15,0.0647,0.0535,0.51,0.6792
3,0.15,hgb,weighted + prior_full,0.7588,0.1123,0.0374,0.0387,0.673,-0.27,0.1256,0.15,0.0577,0.0478,0.48,
3,0.15,hgb,weighted + Platt,0.7584,0.1108,0.0122,0.0179,0.999,-0.001,0.1499,0.15,0.0605,0.0467,0.48,
3,0.15,hgb,weighted + isotonic,0.756,0.1106,0.0041,0.0086,0.922,-0.115,0.1502,0.15,0.059,0.0464,0.53,
3,0.15,hgb,weighted + prior_fitted,0.7588,0.1134,0.0283,0.0305,0.673,-0.533,0.1622,0.15,0.0598,0.0464,0.45,0.7755
3,0.2,logreg,weighted + prior_full,0.789,0.1299,0.0222,0.0263,0.916,-0.103,0.2003,0.2,0.0906,0.0906,0.6,
3,0.2,logreg,weighted + Platt,0.7886,0.13,0.0269,0.0289,0.999,-0.002,0.2001,0.2,0.0901,0.0901,0.6,
3,0.2,logreg,weighted + isotonic,0.7841,0.1281,0.0084,0.0156,0.932,-0.074,0.2,0.2,0.0883,0.0883,0.6,
3,0.2,logreg,weighted + prior_fitted,0.789,0.1298,0.0237,0.0259,0.916,-0.119,0.2025,0.2,0.0908,0.0908,0.6,0.9872
3,0.2,rf,weighted + prior_full,0.7865,0.1294,0.038,0.0395,1.029,0.355,0.1622,0.2,0.0868,0.0868,0.6,
3,0.2,rf,weighted + Platt,0.7859,0.1272,0.0125,0.0183,0.998,-0.002,0.2,0.2,0.0902,0.0902,0.6,
3,0.2,rf,weighted + isotonic,0.7826,0.1272,0.0059,0.0114,0.944,-0.061,0.1998,0.2,0.089,0.089,0.6,
3,0.2,rf,weighted + prior_fitted,0.7865,0.1274,0.0227,0.0269,1.029,-0.097,0.2167,0.2,0.0894,0.0894,0.6,0.6832
3,0.2,hgb,weighted + prior_full,0.7695,0.131,0.0333,0.0367,0.728,-0.144,0.1765,0.2,0.085,0.085,0.6,
3,0.2,hgb,weighted + Platt,0.769,0.1303,0.0245,0.0253,0.997,-0.002,0.1999,0.2,0.0845,0.0845,0.6,
3,0.2,hgb,weighted + isotonic,0.7619,0.1301,0.0075,0.0109,0.936,-0.074,0.1999,0.2,0.0837,0.0837,0.6,
3,0.2,hgb,weighted + prior_fitted,0.7695,0.1316,0.0358,0.0372,0.728,-0.368,0.2115,0.2,0.0845,0.0845,0.6,0.7776
3,0.3,logreg,weighted + prior_full,0.7917,0.1626,0.0315,0.033,0.943,-0.041,0.2997,0.3,0.1369,0.1742,0.6,
3,0.3,logreg,weighted + Platt,0.7916,0.1629,0.0368,0.0398,0.997,-0.003,0.3001,0.3,0.1372,0.1734,0.6,
3,0.3,logreg,weighted + isotonic,0.7883,0.1606,0.0099,0.0193,0.954,-0.031,0.3001,0.3,0.1387,0.174,0.6,
3,0.3,logreg,weighted + prior_fitted,0.7917,0.1625,0.0335,0.0349,0.943,-0.051,0.3014,0.3,0.1377,0.1743,0.6,0.9874
3,0.3,rf,weighted + prior_full,0.7938,0.1596,0.0296,0.0301,1.024,0.197,0.2723,0.3,0.1385,0.174,0.6,
3,0.3,rf,weighted + Platt,0.7937,0.1586,0.0122,0.0212,0.999,-0.001,0.3001,0.3,0.1369,0.1746,0.6,
3,0.3,rf,weighted + isotonic,0.7893,0.159,0.0063,0.0142,0.913,-0.059,0.3,0.3,0.1372,0.1752,0.6,
3,0.3,rf,weighted + prior_fitted,0.7938,0.1587,0.0178,0.0251,1.024,-0.075,0.3145,0.3,0.1359,0.1732,0.6,0.6865
3,0.3,hgb,weighted + prior_full,0.7764,0.1661,0.037,0.0436,0.761,-0.09,0.2868,0.3,0.1303,0.1665,0.6,
3,0.3,hgb,weighted + Platt,0.7763,0.1654,0.0288,0.0337,0.998,-0.002,0.3001,0.3,0.129,0.1649,0.6,
3,0.3,hgb,weighted + isotonic,0.7724,0.1648,0.0133,0.0176,0.935,-0.044,0.2999,0.3,0.1299,0.1689,0.6,
3,0.3,hgb,weighted + prior_fitted,0.7764,0.1665,0.0345,0.0367,0.761,-0.232,0.3143,0.3,0.1281,0.167,0.6,0.78
3,0.4,logreg,weighted + prior_full,0.7921,0.1825,0.0437,0.0469,0.964,-0.011,0.3993,0.4,0.1838,0.2741,0.6,
3,0.4,logreg,weighted + Platt,0.7917,0.1828,0.0464,0.0493,0.999,-0.0,0.3999,0.4,0.1842,0.2736,0.6,
3,0.4,logreg,weighted + isotonic,0.7881,0.1797,0.0078,0.0176,0.952,-0.016,0.4002,0.4,0.1864,0.2727,0.6,
3,0.4,logreg,weighted + prior_fitted,0.7921,0.1825,0.0433,0.0468,0.964,-0.016,0.4003,0.4,0.1837,0.2739,0.6,0.9871
3,0.4,rf,weighted + prior_full,0.7981,0.1769,0.0177,0.0217,1.028,0.089,0.386,0.4,0.1867,0.2771,0.6,
3,0.4,rf,weighted + Platt,0.7979,0.1767,0.0153,0.0215,0.999,-0.0,0.4,0.4,0.1864,0.2777,0.6,
3,0.4,rf,weighted + isotonic,0.7938,0.1766,0.0179,0.0277,0.953,-0.017,0.4005,0.4,0.1854,0.2769,0.6,
3,0.4,rf,weighted + prior_fitted,0.7981,0.1767,0.024,0.0266,1.028,-0.044,0.4092,0.4,0.1869,0.2785,0.6,0.6797
3,0.4,hgb,weighted + prior_full,0.788,0.182,0.0355,0.0391,0.792,-0.034,0.394,0.4,0.1797,0.2741,0.6,
3,0.4,hgb,weighted + Platt,0.7877,0.1816,0.0246,0.0331,0.999,-0.0,0.4,0.4,0.1779,0.2755,0.6,
3,0.4,hgb,weighted + isotonic,0.7841,0.1809,0.0118,0.0158,0.96,-0.012,0.4,0.4,0.1803,0.2766,0.6,
3,0.4,hgb,weighted + prior_fitted,0.788,0.1821,0.0353,0.0367,0.792,-0.106,0.4089,0.4,0.1783,0.2748,0.6,0.7758
3,0.5,logreg,weighted + prior_full,0.7939,0.1858,0.0301,0.0387,0.992,-0.001,0.5,0.5,0.2275,0.3838,0.6,
3,0.5,logreg,weighted + Platt,0.7936,0.186,0.0314,0.0374,0.998,0.0,0.4999,0.5,0.2282,0.3831,0.6,
3,0.5,logreg,weighted + isotonic,0.7905,0.1847,0.0094,0.0171,0.945,-0.002,0.5001,0.5,0.2297,0.3832,0.6,
3,0.5,logreg,weighted + prior_fitted,0.7939,0.1858,0.0301,0.0387,0.992,-0.001,0.5,0.5,0.2275,0.3838,0.6,0.9865
3,0.5,rf,weighted + prior_full,0.8002,0.1807,0.018,0.0266,1.021,-0.001,0.5004,0.5,0.237,0.3841,0.6,
3,0.5,rf,weighted + Platt,0.7999,0.1808,0.0181,0.0287,0.998,0.0,0.4999,0.5,0.2367,0.3855,0.6,
3,0.5,rf,weighted + isotonic,0.7971,0.1804,0.0141,0.0206,0.954,-0.0,0.4999,0.5,0.2362,0.3865,0.6,
3,0.5,rf,weighted + prior_fitted,0.8002,0.1807,0.018,0.0266,1.021,-0.001,0.5004,0.5,0.237,0.3841,0.6,0.6574
3,0.5,hgb,weighted + prior_full,0.7909,0.1862,0.0318,0.0372,0.796,-0.018,0.502,0.5,0.2268,0.3817,0.6,
3,0.5,hgb,weighted + Platt,0.7906,0.1858,0.0251,0.0267,0.997,0.0,0.4999,0.5,0.2265,0.3833,0.6,
3,0.5,hgb,weighted + isotonic,0.7868,0.1854,0.0131,0.0168,0.915,-0.003,0.5001,0.5,0.2218,0.383,0.6,
3,0.5,hgb,weighted + prior_fitted,0.7909,0.1862,0.0318,0.0372,0.796,-0.018,0.502,0.5,0.2268,0.3817,0.6,0.763
4,0.05,logreg,weighted + prior_full,0.7944,0.047,0.0132,0.0142,0.741,-0.724,0.0544,0.05,0.0228,0.001,0.21,
4,0.05,logreg,weighted + Platt,0.7936,0.0452,0.0072,0.0147,0.995,-0.014,0.0501,0.05,0.0221,0.0014,0.23,
4,0.05,logreg,weighted + isotonic,0.7903,0.044,0.0041,0.0041,0.91,-0.217,0.0501,0.05,0.0228,-0.0001,0.6,
4,0.05,logreg,weighted + prior_fitted,0.7944,0.0471,0.0114,0.0126,0.742,-0.749,0.0559,0.05,0.0223,0.0016,0.21,0.9881
4,0.05,rf,weighted + prior_full,0.7865,0.0464,0.0301,0.0303,0.892,0.636,0.0199,0.05,0.0151,0.0003,0.29,
4,0.05,rf,weighted + Platt,0.7857,0.0447,0.0066,0.01,0.997,-0.008,0.0501,0.05,0.0233,-0.0011,0.47,
4,0.05,rf,weighted + isotonic,0.7802,0.0445,0.0047,0.0049,0.851,-0.366,0.05,0.05,0.0229,-0.0019,0.49,
4,0.05,rf,weighted + prior_fitted,0.7865,0.0448,0.0129,0.0129,0.891,-0.069,0.0413,0.05,0.0227,-0.0008,0.48,0.7313
4,0.05,hgb,weighted + prior_full,0.7334,0.047,0.0296,0.0298,0.434,-1.01,0.0266,0.05,0.0136,-0.0008,0.57,
4,0.05,hgb,weighted + Platt,0.7324,0.0457,0.0027,0.0027,0.995,-0.013,0.05,0.05,0.0168,-0.0005,0.29,
4,0.05,hgb,weighted + isotonic,0.7222,0.0459,0.0045,0.0045,0.785,-0.572,0.05,0.05,0.0153,0.0,0.49,
4,0.05,hgb,weighted + prior_fitted,0.7334,0.048,0.0267,0.0267,0.434,-1.266,0.0434,0.05,0.0166,-0.0024,0.16,0.7997
4,0.1,logreg,weighted + prior_full,0.7821,0.0813,0.0147,0.0152,0.831,-0.345,0.1025,0.1,0.0434,0.0236,0.4,
4,0.1,logreg,weighted + Platt,0.7814,0.0808,0.0201,0.0212,0.993,-0.016,0.1002,0.1,0.0434,0.0227,0.4,
4,0.1,logreg,weighted + isotonic,0.7741,0.0791,0.0038,0.0047,0.928,-0.125,0.0996,0.1,0.0426,0.024,0.38,
4,0.1,logreg,weighted + prior_fitted,0.7821,0.0814,0.0153,0.0155,0.831,-0.368,0.1046,0.1,0.0434,0.0238,0.4,0.9874
4,0.1,rf,weighted + prior_full,0.7845,0.0814,0.0392,0.0393,1.033,0.679,0.0608,0.1,0.0399,0.0169,0.52,
4,0.1,rf,weighted + Platt,0.7836,0.0785,0.008,0.0099,0.995,-0.009,0.1,0.1,0.0426,0.0255,0.6,
4,0.1,rf,weighted + isotonic,0.7801,0.0787,0.0035,0.0081,0.863,-0.252,0.1005,0.1,0.0437,0.0247,0.55,
4,0.1,rf,weighted + prior_fitted,0.7845,0.0784,0.0137,0.0145,1.033,-0.049,0.1086,0.1,0.0414,0.0251,0.57,0.6793
4,0.1,hgb,weighted + prior_full,0.7565,0.0824,0.035,0.0362,0.627,-0.38,0.0726,0.1,0.0375,0.0185,0.38,
4,0.1,hgb,weighted + Platt,0.7556,0.0812,0.0116,0.0122,0.995,-0.009,0.1,0.1,0.0365,0.0194,0.59,
4,0.1,hgb,weighted + isotonic,0.7481,0.0808,0.0046,0.0067,0.888,-0.212,0.1001,0.1,0.0376,0.0193,0.6,
4,0.1,hgb,weighted + prior_fitted,0.7565,0.0831,0.0268,0.0271,0.627,-0.687,0.1043,0.1,0.0384,0.0183,0.36,0.7776
4,0.15,logreg,weighted + prior_full,0.7761,0.1104,0.0174,0.0194,0.886,-0.186,0.1518,0.15,0.0636,0.0504,0.49,
4,0.15,logreg,weighted + Platt,0.7757,0.1101,0.0216,0.0243,0.998,-0.003,0.15,0.15,0.0637,0.0502,0.49,
4,0.15,logreg,weighted + isotonic,0.7699,0.1086,0.0095,0.0118,0.91,-0.126,0.1498,0.15,0.0639,0.0476,0.58,
4,0.15,logreg,weighted + prior_fitted,0.7761,0.1104,0.0162,0.0235,0.885,-0.206,0.1542,0.15,0.0648,0.0501,0.49,0.9871
4,0.15,rf,weighted + prior_full,0.7717,0.1102,0.0405,0.0405,0.999,0.416,0.1096,0.15,0.0597,0.0489,0.58,
4,0.15,rf,weighted + Platt,0.7714,0.1077,0.0113,0.0144,0.998,-0.002,0.15,0.15,0.0602,0.0507,0.53,
4,0.15,rf,weighted + isotonic,0.7667,0.1079,0.0049,0.0094,0.871,-0.189,0.1504,0.15,0.0614,0.0504,0.51,
4,0.15,rf,weighted + prior_fitted,0.7717,0.1079,0.0173,0.0196,0.999,-0.14,0.1656,0.15,0.0577,0.0507,0.55,0.6792
4,0.15,hgb,weighted + prior_full,0.7454,0.1118,0.0327,0.0366,0.655,-0.297,0.1248,0.15,0.0539,0.0456,0.59,
4,0.15,hgb,weighted + Platt,0.745,0.1113,0.0247,0.0247,0.995,-0.007,0.15,0.15,0.0511,0.0436,0.55,
4,0.15,hgb,weighted + isotonic,0.7373,0.111,0.0078,0.011,0.896,-0.157,0.1502,0.15,0.0546,0.0459,0.54,
4,0.15,hgb,weighted + prior_fitted,0.7454,0.1131,0.0417,0.0417,0.655,-0.552,0.162,0.15,0.0516,0.0401,0.49,0.7755
4,0.2,logreg,weighted + prior_full,0.7867,0.1314,0.029,0.029,0.902,-0.126,0.2009,0.2,0.0907,0.0907,0.6,
4,0.2,logreg,weighted + Platt,0.7864,0.1314,0.0333,0.0338,0.999,-0.002,0.2001,0.2,0.0908,0.0908,0.6,
4,0.2,logreg,weighted + isotonic,0.7814,0.1294,0.0066,0.0104,0.939,-0.069,0.2002,0.2,0.0902,0.0902,0.6,
4,0.2,logreg,weighted + prior_fitted,0.7867,0.1314,0.0303,0.0303,0.902,-0.142,0.2031,0.2,0.0906,0.0906,0.6,0.9872
4,0.2,rf,weighted + prior_full,0.7812,0.1314,0.0402,0.0402,1.018,0.333,0.1626,0.2,0.0908,0.0908,0.55,
4,0.2,rf,weighted + Platt,0.7809,0.1293,0.0191,0.0196,0.998,-0.003,0.2001,0.2,0.0925,0.0925,0.56,
4,0.2,rf,weighted + isotonic,0.7759,0.1289,0.006,0.0149,0.951,-0.055,0.2,0.2,0.0917,0.0917,0.53,
4,0.2,rf,weighted + prior_fitted,0.7812,0.1294,0.0251,0.028,1.017,-0.114,0.2176,0.2,0.092,0.092,0.56,0.6832
4,0.2,hgb,weighted + prior_full,0.7689,0.1337,0.0374,0.0386,0.725,-0.156,0.1781,0.2,0.0876,0.0876,0.55,
4,0.2,hgb,weighted + Platt,0.7686,0.1328,0.0294,0.0306,0.996,-0.005,0.2001,0.2,0.0883,0.0883,0.55,
4,0.2,hgb,weighted + isotonic,0.7617,0.132,0.0085,0.0134,0.94,-0.066,0.1999,0.2,0.089,0.089,0.54,
4,0.2,hgb,weighted + prior_fitted,0.7689,0.1344,0.0357,0.037,0.725,-0.38,0.2139,0.2,0.0884,0.0884,0.55,0.7776
4,0.3,logreg,weighted + prior_full,0.7926,0.1608,0.0297,0.0347,0.955,-0.028,0.299,0.3,0.136,0.1751,0.6,
4,0.3,logreg,weighted + Platt,0.7921,0.1613,0.0342,0.0367,0.99,-0.008,0.3,0.3,0.1365,0.1745,0.6,
4,0.3,logreg,weighted + isotonic,0.7897,0.159,0.0054,0.0183,0.94,-0.041,0.3001,0.3,0.1355,0.1742,0.6,
4,0.3,logreg,weighted + prior_fitted,0.7926,0.1608,0.0307,0.0341,0.955,-0.038,0.3007,0.3,0.1366,0.1755,0.6,0.9874
4,0.3,rf,weighted + prior_full,0.7889,0.1613,0.0322,0.0323,1.015,0.186,0.2728,0.3,0.1368,0.172,0.6,
4,0.3,rf,weighted + Platt,0.7883,0.1604,0.0178,0.0229,0.995,-0.003,0.3,0.3,0.1365,0.1727,0.6,
4,0.3,rf,weighted + isotonic,0.784,0.1602,0.0103,0.0151,0.953,-0.031,0.2998,0.3,0.1364,0.1716,0.6,
4,0.3,rf,weighted + prior_fitted,0.7889,0.1604,0.0244,0.0255,1.016,-0.084,0.3153,0.3,0.1369,0.1735,0.6,0.6865
4,0.3,hgb,weighted + prior_full,0.7736,0.1664,0.0384,0.0411,0.766,-0.076,0.2842,0.3,0.1341,0.1655,0.6,
4,0.3,hgb,weighted + Platt,0.7731,0.1659,0.0334,0.0342,0.993,-0.005,0.3,0.3,0.1306,0.1631,0.6,
4,0.3,hgb,weighted + isotonic,0.7705,0.1643,0.014,0.0159,0.931,-0.049,0.3001,0.3,0.1325,0.1625,0.6,
4,0.3,hgb,weighted + prior_fitted,0.7736,0.1667,0.0413,0.0443,0.766,-0.219,0.3117,0.3,0.13,0.1636,0.6,0.78
4,0.4,logreg,weighted + prior_full,0.7862,0.1819,0.0379,0.0448,0.979,-0.005,0.3993,0.4,0.1817,0.2675,0.6,
4,0.4,logreg,weighted + Platt,0.7859,0.1822,0.0406,0.0473,0.998,-0.0,0.3999,0.4,0.1823,0.2672,0.6,
4,0.4,logreg,weighted + isotonic,0.7819,0.1804,0.0131,0.0208,0.942,-0.019,0.3997,0.4,0.1855,0.2647,0.6,
4,0.4,logreg,weighted + prior_fitted,0.7862,0.1819,0.0394,0.0454,0.979,-0.01,0.4003,0.4,0.1828,0.2672,0.6,0.9871
4,0.4,rf,weighted + prior_full,0.7904,0.178,0.0196,0.0276,1.018,0.087,0.3858,0.4,0.1871,0.2712,0.6,
4,0.4,rf,weighted + Platt,0.7901,0.1777,0.0216,0.0247,0.999,0.0,0.3999,0.4,0.1867,0.2699,0.6,
4,0.4,rf,weighted + isotonic,0.7867,0.1775,0.0128,0.0186,0.965,-0.012,0.3999,0.4,0.1859,0.27,0.6,
4,0.4,rf,weighted + prior_fitted,0.7904,0.1778,0.0235,0.0305,1.019,-0.045,0.4092,0.4,0.185,0.2683,0.6,0.6797
4,0.4,hgb,weighted + prior_full,0.7799,0.1831,0.0309,0.0337,0.807,-0.04,0.3939,0.4,0.1815,0.2656,0.6,
4,0.4,hgb,weighted + Platt,0.7796,0.1826,0.0293,0.035,0.998,-0.001,0.4,0.4,0.1826,0.2616,0.6,
4,0.4,hgb,weighted + isotonic,0.7765,0.1827,0.0071,0.0188,0.952,-0.016,0.3998,0.4,0.1788,0.2648,0.6,
4,0.4,hgb,weighted + prior_fitted,0.7799,0.1832,0.0321,0.0352,0.807,-0.114,0.409,0.4,0.1809,0.2648,0.6,0.7758
4,0.5,logreg,weighted + prior_full,0.7866,0.1892,0.0381,0.0459,0.984,0.0,0.4997,0.5,0.2233,0.3815,0.6,
4,0.5,logreg,weighted + Platt,0.7865,0.1894,0.04,0.0478,0.999,0.0,0.5,0.5,0.2233,0.3816,0.6,
4,0.5,logreg,weighted + isotonic,0.7812,0.1879,0.0099,0.017,0.942,-0.001,0.5,0.5,0.2232,0.3819,0.6,
4,0.5,logreg,weighted + prior_fitted,0.7866,0.1892,0.0381,0.0459,0.984,0.0,0.4997,0.5,0.2233,0.3815,0.6,0.9865
4,0.5,rf,weighted + prior_full,0.7918,0.1841,0.0228,0.0289,1.011,0.004,0.4993,0.5,0.23,0.3815,0.6,
4,0.5,rf,weighted + Platt,0.7917,0.1841,0.0237,0.0302,1.0,-0.0,0.5,0.5,0.2293,0.3814,0.6,
4,0.5,rf,weighted + isotonic,0.7875,0.1839,0.0147,0.0211,0.956,-0.002,0.5002,0.5,0.2308,0.3807,0.6,
4,0.5,rf,weighted + prior_fitted,0.7918,0.1841,0.0228,0.0289,1.011,0.004,0.4993,0.5,0.23,0.3815,0.6,0.6574
4,0.5,hgb,weighted + prior_full,0.7839,0.1885,0.0298,0.0352,0.821,-0.005,0.4998,0.5,0.227,0.379,0.6,
4,0.5,hgb,weighted + Platt,0.7837,0.1882,0.0231,0.038,0.998,0.0,0.5,0.5,0.2278,0.3808,0.6,
4,0.5,hgb,weighted + isotonic,0.7803,0.1872,0.0093,0.0141,0.966,-0.001,0.5,0.5,0.2288,0.38,0.6,
4,0.5,hgb,weighted + prior_fitted,0.7839,0.1885,0.0298,0.0352,0.821,-0.005,0.4998,0.5,0.227,0.379,0.6,0.763
5,0.05,logreg,weighted + prior_full,0.8073,0.0447,0.0079,0.011,0.813,-0.516,0.053,0.05,0.0243,0.0055,0.29,
5,0.05,logreg,weighted + Platt,0.8063,0.044,0.008,0.0139,1.0,-0.002,0.05,0.05,0.0242,0.0054,0.28,
5,0.05,logreg,weighted + isotonic,0.7962,0.0431,0.0032,0.0064,0.913,-0.207,0.05,0.05,0.0234,0.0049,0.29,
5,0.05,logreg,weighted + prior_fitted,0.8073,0.0448,0.0075,0.0106,0.813,-0.546,0.0545,0.05,0.0242,0.0053,0.3,0.9881
5,0.05,rf,weighted + prior_full,0.7845,0.0459,0.0309,0.0309,0.991,1.004,0.0194,0.05,0.0178,-0.0002,0.18,
5,0.05,rf,weighted + Platt,0.7837,0.0437,0.0059,0.0061,1.0,0.003,0.0499,0.05,0.0226,0.004,0.24,
5,0.05,rf,weighted + isotonic,0.77,0.0437,0.0049,0.0055,0.903,-0.236,0.0501,0.05,0.0229,0.0058,0.24,
5,0.05,rf,weighted + prior_fitted,0.7845,0.0439,0.0104,0.0112,0.99,0.219,0.0402,0.05,0.023,0.0025,0.24,0.7313
5,0.05,hgb,weighted + prior_full,0.7396,0.0461,0.0273,0.028,0.496,-0.802,0.0265,0.05,0.0154,0.0015,0.3,
5,0.05,hgb,weighted + Platt,0.7388,0.0452,0.0051,0.0074,0.996,-0.011,0.05,0.05,0.0167,0.001,0.23,
5,0.05,hgb,weighted + isotonic,0.7277,0.0453,0.0023,0.0067,0.796,-0.535,0.0501,0.05,0.0162,0.001,0.25,
5,0.05,hgb,weighted + prior_fitted,0.7396,0.0467,0.0222,0.0233,0.497,-1.092,0.043,0.05,0.0172,0.0013,0.23,0.7997
5,0.1,logreg,weighted + prior_full,0.795,0.08,0.0157,0.0183,0.842,-0.321,0.1024,0.1,0.0455,0.025,0.42,
5,0.1,logreg,weighted + Platt,0.7946,0.0795,0.0216,0.0221,0.997,-0.007,0.1001,0.1,0.0456,0.0233,0.42,
5,0.1,logreg,weighted + isotonic,0.789,0.0779,0.004,0.0076,0.919,-0.145,0.1003,0.1,0.046,0.0266,0.41,
5,0.1,logreg,weighted + prior_fitted,0.795,0.0801,0.0162,0.018,0.843,-0.344,0.1044,0.1,0.0456,0.0259,0.43,0.9874
5,0.1,rf,weighted + prior_full,0.7922,0.0803,0.041,0.0412,1.012,0.661,0.0599,0.1,0.041,0.0208,0.38,
5,0.1,rf,weighted + Platt,0.7918,0.0771,0.0067,0.0108,0.997,-0.005,0.1,0.1,0.0449,0.0272,0.49,
5,0.1,rf,weighted + isotonic,0.7868,0.0773,0.0056,0.0114,0.926,-0.131,0.1,0.1,0.0447,0.0273,0.49,
5,0.1,rf,weighted + prior_fitted,0.7922,0.0771,0.0087,0.0121,1.012,-0.053,0.1058,0.1,0.0444,0.0271,0.5,0.6793
5,0.1,hgb,weighted + prior_full,0.7652,0.0812,0.0325,0.0326,0.62,-0.397,0.0749,0.1,0.0367,0.0212,0.46,
5,0.1,hgb,weighted + Platt,0.7649,0.08,0.007,0.0122,0.997,-0.005,0.1,0.1,0.0396,0.021,0.47,
5,0.1,hgb,weighted + isotonic,0.7568,0.0806,0.0086,0.0106,0.861,-0.261,0.1002,0.1,0.038,0.0215,0.43,
5,0.1,hgb,weighted + prior_fitted,0.7652,0.0825,0.0293,0.0302,0.62,-0.7,0.1058,0.1,0.0398,0.0194,0.38,0.7776
5,0.15,logreg,weighted + prior_full,0.7895,0.1076,0.0192,0.0226,0.894,-0.167,0.1511,0.15,0.0667,0.056,0.57,
5,0.15,logreg,weighted + Platt,0.7891,0.1075,0.0235,0.0256,0.995,-0.009,0.1501,0.15,0.0666,0.0551,0.55,
5,0.15,logreg,weighted + isotonic,0.7841,0.1053,0.0033,0.009,0.934,-0.092,0.1501,0.15,0.0673,0.0565,0.56,
5,0.15,logreg,weighted + prior_fitted,0.7895,0.1076,0.0199,0.0233,0.894,-0.188,0.1534,0.15,0.0666,0.0557,0.56,0.9871
5,0.15,rf,weighted + prior_full,0.7838,0.1091,0.0406,0.0407,1.007,0.43,0.1101,0.15,0.0648,0.0541,0.6,
5,0.15,rf,weighted + Platt,0.7833,0.1064,0.011,0.0181,0.997,-0.005,0.1501,0.15,0.0658,0.0552,0.51,
5,0.15,rf,weighted + isotonic,0.7778,0.1061,0.0091,0.0146,0.936,-0.087,0.1498,0.15,0.0654,0.055,0.51,
5,0.15,rf,weighted + prior_fitted,0.7838,0.1066,0.0224,0.0241,1.007,-0.13,0.1654,0.15,0.0654,0.0539,0.5,0.6792
5,0.15,hgb,weighted + prior_full,0.7655,0.1119,0.0417,0.0428,0.687,-0.224,0.1233,0.15,0.0615,0.0507,0.43,
5,0.15,hgb,weighted + Platt,0.7652,0.1103,0.0219,0.0252,0.995,-0.008,0.15,0.15,0.0617,0.0511,0.44,
5,0.15,hgb,weighted + isotonic,0.7593,0.1094,0.007,0.0111,0.943,-0.083,0.1501,0.15,0.0607,0.0495,0.46,
5,0.15,hgb,weighted + prior_fitted,0.7655,0.1125,0.0318,0.0334,0.687,-0.492,0.1592,0.15,0.0617,0.0499,0.46,0.7755
5,0.2,logreg,weighted + prior_full,0.7871,0.1316,0.0241,0.0262,0.906,-0.116,0.2004,0.2,0.0895,0.0895,0.6,
5,0.2,logreg,weighted + Platt,0.7868,0.1318,0.0317,0.0324,0.998,-0.003,0.2001,0.2,0.09,0.09,0.59,
5,0.2,logreg,weighted + isotonic,0.7799,0.1302,0.0139,0.016,0.913,-0.097,0.2,0.2,0.0889,0.0889,0.58,
5,0.2,logreg,weighted + prior_fitted,0.7871,0.1316,0.0253,0.0266,0.906,-0.132,0.2026,0.2,0.0901,0.0901,0.6,0.9872
5,0.2,rf,weighted + prior_full,0.7829,0.1321,0.0408,0.0408,1.006,0.319,0.1621,0.2,0.0883,0.0883,0.57,
5,0.2,rf,weighted + Platt,0.7825,0.13,0.0122,0.0176,0.998,-0.003,0.2001,0.2,0.0871,0.0871,0.6,
5,0.2,rf,weighted + isotonic,0.7786,0.1299,0.0069,0.0109,0.951,-0.054,0.2,0.2,0.0865,0.0865,0.6,
5,0.2,rf,weighted + prior_fitted,0.7829,0.1302,0.0189,0.0224,1.006,-0.123,0.2173,0.2,0.0881,0.0881,0.56,0.6832
5,0.2,hgb,weighted + prior_full,0.7686,0.1344,0.0396,0.0399,0.719,-0.164,0.1781,0.2,0.0842,0.0842,0.56,
5,0.2,hgb,weighted + Platt,0.7683,0.1334,0.028,0.028,0.996,-0.004,0.2,0.2,0.0841,0.0841,0.56,
5,0.2,hgb,weighted + isotonic,0.7624,0.1331,0.0064,0.0183,0.94,-0.069,0.2,0.2,0.0821,0.0821,0.6,
5,0.2,hgb,weighted + prior_fitted,0.7686,0.1353,0.0382,0.0382,0.719,-0.386,0.214,0.2,0.084,0.084,0.53,0.7776
5,0.3,logreg,weighted + prior_full,0.792,0.1627,0.0338,0.0358,0.941,-0.042,0.2996,0.3,0.1358,0.177,0.6,
5,0.3,logreg,weighted + Platt,0.7916,0.163,0.0355,0.0385,0.996,-0.004,0.3001,0.3,0.1361,0.1758,0.6,
5,0.3,logreg,weighted + isotonic,0.7878,0.1613,0.0129,0.0185,0.955,-0.029,0.3,0.3,0.1393,0.1755,0.6,
5,0.3,logreg,weighted + prior_fitted,0.792,0.1627,0.0328,0.0359,0.941,-0.052,0.3013,0.3,0.1355,0.1767,0.6,0.9874
5,0.3,rf,weighted + prior_full,0.7971,0.1592,0.0313,0.0316,1.027,0.198,0.2724,0.3,0.1379,0.1782,0.6,
5,0.3,rf,weighted + Platt,0.7967,0.1583,0.0145,0.0234,0.996,-0.003,0.3001,0.3,0.1394,0.1786,0.6,
5,0.3,rf,weighted + isotonic,0.7945,0.1577,0.007,0.0103,0.973,-0.018,0.3,0.3,0.1396,0.177,0.6,
5,0.3,rf,weighted + prior_fitted,0.7971,0.1583,0.0219,0.0246,1.027,-0.074,0.3146,0.3,0.1383,0.1774,0.6,0.6865
5,0.3,hgb,weighted + prior_full,0.7843,0.164,0.0323,0.0345,0.793,-0.058,0.2858,0.3,0.1364,0.1736,0.6,
5,0.3,hgb,weighted + Platt,0.7839,0.1636,0.0311,0.0335,0.995,-0.004,0.3002,0.3,0.1359,0.173,0.6,
5,0.3,hgb,weighted + isotonic,0.7795,0.1626,0.0115,0.0172,0.932,-0.047,0.3001,0.3,0.135,0.1738,0.6,
5,0.3,hgb,weighted + prior_fitted,0.7843,0.1643,0.0299,0.0328,0.793,-0.206,0.3133,0.3,0.1361,0.1748,0.6,0.78
5,0.4,logreg,weighted + prior_full,0.7828,0.184,0.0316,0.0362,0.972,-0.009,0.3995,0.4,0.1747,0.2683,0.6,
5,0.4,logreg,weighted + Platt,0.7825,0.1842,0.0334,0.0383,0.996,-0.002,0.4001,0.4,0.1744,0.2681,0.6,
5,0.4,logreg,weighted + isotonic,0.7785,0.1827,0.0103,0.0157,0.946,-0.018,0.3999,0.4,0.1734,0.2698,0.6,
5,0.4,logreg,weighted + prior_fitted,0.7828,0.1839,0.0323,0.0369,0.972,-0.014,0.4005,0.4,0.1753,0.2682,0.6,0.9871
5,0.4,rf,weighted + prior_full,0.785,0.1806,0.0203,0.0372,1.015,0.087,0.3855,0.4,0.1784,0.2672,0.6,
5,0.4,rf,weighted + Platt,0.7846,0.1805,0.0203,0.027,0.997,-0.001,0.4001,0.4,0.1791,0.2664,0.6,
5,0.4,rf,weighted + isotonic,0.7795,0.1804,0.0116,0.0326,0.941,-0.019,0.3999,0.4,0.1781,0.2661,0.6,
5,0.4,rf,weighted + prior_fitted,0.785,0.1804,0.0211,0.0256,1.015,-0.045,0.4091,0.4,0.1813,0.2678,0.6,0.6797
5,0.4,hgb,weighted + prior_full,0.7753,0.1854,0.037,0.0414,0.789,-0.028,0.3908,0.4,0.1789,0.2609,0.6,
5,0.4,hgb,weighted + Platt,0.7749,0.185,0.0288,0.0396,0.995,-0.002,0.4002,0.4,0.1788,0.2665,0.6,
5,0.4,hgb,weighted + isotonic,0.7702,0.1839,0.0119,0.0218,0.945,-0.019,0.3999,0.4,0.1775,0.2641,0.6,
5,0.4,hgb,weighted + prior_fitted,0.7753,0.1854,0.0378,0.0434,0.789,-0.1,0.406,0.4,0.1783,0.2634,0.6,0.7758
5,0.5,logreg,weighted + prior_full,0.7903,0.1876,0.0339,0.037,0.989,0.0,0.4998,0.5,0.2275,0.3825,0.6,
5,0.5,logreg,weighted + Platt,0.7901,0.1878,0.0356,0.0379,0.998,-0.0,0.5,0.5,0.2272,0.3825,0.6,
5,0.5,logreg,weighted + isotonic,0.7876,0.1861,0.0095,0.0157,0.973,-0.001,0.5,0.5,0.2307,0.3814,0.6,
5,0.5,logreg,weighted + prior_fitted,0.7903,0.1876,0.0339,0.037,0.989,0.0,0.4998,0.5,0.2275,0.3825,0.6,0.9865
5,0.5,rf,weighted + prior_full,0.794,0.184,0.0101,0.012,1.012,0.004,0.4993,0.5,0.2298,0.3831,0.6,
5,0.5,rf,weighted + Platt,0.7937,0.1841,0.0124,0.0153,0.999,-0.0,0.5,0.5,0.23,0.3822,0.6,
5,0.5,rf,weighted + isotonic,0.7893,0.185,0.0128,0.0181,0.956,0.0,0.4997,0.5,0.2253,0.3823,0.6,
5,0.5,rf,weighted + prior_fitted,0.794,0.184,0.0101,0.012,1.012,0.004,0.4993,0.5,0.2298,0.3831,0.6,0.6574
5,0.5,hgb,weighted + prior_full,0.7847,0.1893,0.0323,0.0394,0.795,-0.011,0.5008,0.5,0.2232,0.3772,0.6,
5,0.5,hgb,weighted + Platt,0.7845,0.1885,0.0241,0.0324,0.998,-0.0,0.5001,0.5,0.2225,0.3801,0.6,
5,0.5,hgb,weighted + isotonic,0.7811,0.1883,0.0071,0.0156,0.94,-0.002,0.4999,0.5,0.2227,0.3815,0.6,
5,0.5,hgb,weighted + prior_fitted,0.7847,0.1893,0.0323,0.0394,0.795,-0.011,0.5008,0.5,0.2232,0.3772,0.6,0.763
6,0.05,logreg,weighted + prior_full,0.7856,0.0461,0.009,0.0124,0.773,-0.626,0.0526,0.05,0.0229,0.0021,0.24,
6,0.05,logreg,weighted + Platt,0.7849,0.0453,0.0091,0.0179,0.991,-0.025,0.0501,0.05,0.0233,0.0011,0.23,
6,0.05,logreg,weighted + isotonic,0.7751,0.0447,0.0057,0.0097,0.824,-0.436,0.0501,0.05,0.0233,-0.0007,0.21,
6,0.05,logreg,weighted + prior_fitted,0.7856,0.0462,0.0083,0.0128,0.773,-0.655,0.0541,0.05,0.0228,0.002,0.23,0.9881
6,0.05,rf,weighted + prior_full,0.7599,0.0466,0.0302,0.0302,0.924,0.723,0.0201,0.05,0.0137,-0.0002,0.17,
6,0.05,rf,weighted + Platt,0.7592,0.0451,0.009,0.009,0.995,-0.013,0.05,0.05,0.0205,-0.0011,0.17,
6,0.05,rf,weighted + isotonic,0.7496,0.045,0.0056,0.0059,0.853,-0.373,0.0501,0.05,0.0199,-0.0028,0.17,
6,0.05,rf,weighted + prior_fitted,0.7599,0.0452,0.0112,0.0112,0.924,-0.009,0.0419,0.05,0.0205,-0.0009,0.16,0.7313
6,0.05,hgb,weighted + prior_full,0.7237,0.0475,0.0316,0.0322,0.442,-1.012,0.0263,0.05,0.0142,-0.0018,0.6,
6,0.05,hgb,weighted + Platt,0.7222,0.046,0.0041,0.0049,0.987,-0.036,0.05,0.05,0.0161,-0.0011,0.33,
6,0.05,hgb,weighted + isotonic,0.713,0.0457,0.001,0.0043,0.879,-0.314,0.05,0.05,0.0152,-0.0002,0.15,
6,0.05,hgb,weighted + prior_fitted,0.7237,0.0485,0.0253,0.0256,0.442,-1.272,0.0429,0.05,0.0169,-0.0029,0.16,0.7997
6,0.1,logreg,weighted + prior_full,0.7939,0.0791,0.0169,0.0202,0.889,-0.212,0.1006,0.1,0.0467,0.028,0.44,
6,0.1,logreg,weighted + Platt,0.7936,0.0791,0.0223,0.0251,0.994,-0.013,0.1002,0.1,0.0469,0.0273,0.42,
6,0.1,logreg,weighted + isotonic,0.7889,0.0766,0.0052,0.0086,0.946,-0.097,0.1003,0.1,0.0457,0.0309,0.41,
6,0.1,logreg,weighted + prior_fitted,0.7939,0.0791,0.0175,0.0215,0.889,-0.237,0.1027,0.1,0.0469,0.028,0.43,0.9874
6,0.1,rf,weighted + prior_full,0.7939,0.08,0.0402,0.0402,0.999,0.601,0.0615,0.1,0.0423,0.0223,0.38,
6,0.1,rf,weighted + Platt,0.7934,0.0772,0.0115,0.0155,0.996,-0.008,0.1001,0.1,0.0461,0.0291,0.43,
6,0.1,rf,weighted + isotonic,0.7867,0.0775,0.0048,0.0068,0.882,-0.213,0.1003,0.1,0.0455,0.0271,0.41,
6,0.1,rf,weighted + prior_fitted,0.7939,0.0771,0.0133,0.0164,0.998,-0.103,0.108,0.1,0.046,0.029,0.42,0.6793
6,0.1,hgb,weighted + prior_full,0.7636,0.0812,0.0334,0.0367,0.63,-0.367,0.0739,0.1,0.0387,0.0225,0.42,
6,0.1,hgb,weighted + Platt,0.7631,0.08,0.0103,0.0157,0.993,-0.015,0.1001,0.1,0.0386,0.023,0.42,
6,0.1,hgb,weighted + isotonic,0.7594,0.0801,0.0052,0.0082,0.872,-0.239,0.1002,0.1,0.0421,0.021,0.41,
6,0.1,hgb,weighted + prior_fitted,0.7636,0.0821,0.0247,0.0279,0.63,-0.675,0.1046,0.1,0.0418,0.0226,0.4,0.7776
6,0.15,logreg,weighted + prior_full,0.7875,0.1115,0.0295,0.03,0.842,-0.258,0.1526,0.15,0.0656,0.0505,0.47,
6,0.15,logreg,weighted + Platt,0.7863,0.1113,0.0332,0.0344,0.979,-0.036,0.1503,0.15,0.0646,0.0501,0.47,
6,0.15,logreg,weighted + isotonic,0.7798,0.1085,0.0062,0.0189,0.932,-0.095,0.1503,0.15,0.0636,0.0531,0.43,
6,0.15,logreg,weighted + prior_fitted,0.7875,0.1115,0.0313,0.0317,0.842,-0.277,0.155,0.15,0.0646,0.0515,0.47,0.9871
6,0.15,rf,weighted + prior_full,0.7919,0.1091,0.0415,0.0424,1.01,0.441,0.1097,0.15,0.0651,0.053,0.6,
6,0.15,rf,weighted + Platt,0.7907,0.1066,0.0143,0.0211,0.989,-0.018,0.1503,0.15,0.0671,0.054,0.6,
6,0.15,rf,weighted + isotonic,0.7845,0.1061,0.0077,0.0169,0.911,-0.125,0.1503,0.15,0.0653,0.0552,0.6,
6,0.15,rf,weighted + prior_fitted,0.7919,0.1066,0.0238,0.0249,1.01,-0.121,0.1648,0.15,0.0659,0.0521,0.48,0.6792
6,0.15,hgb,weighted + prior_full,0.7702,0.1106,0.0359,0.036,0.682,-0.239,0.1252,0.15,0.0608,0.0481,0.53,
6,0.15,hgb,weighted + Platt,0.7689,0.1097,0.0166,0.0177,0.979,-0.032,0.1503,0.15,0.0592,0.0493,0.53,
6,0.15,hgb,weighted + isotonic,0.7632,0.1102,0.0125,0.0127,0.892,-0.158,0.1503,0.15,0.0603,0.0465,0.48,
6,0.15,hgb,weighted + prior_fitted,0.7702,0.1116,0.0343,0.0351,0.682,-0.504,0.1615,0.15,0.0588,0.0487,0.47,0.7755
6,0.2,logreg,weighted + prior_full,0.7837,0.133,0.0274,0.0298,0.907,-0.116,0.2007,0.2,0.0887,0.0887,0.57,
6,0.2,logreg,weighted + Platt,0.7834,0.133,0.0325,0.0329,0.997,-0.003,0.2001,0.2,0.0885,0.0885,0.56,
6,0.2,logreg,weighted + isotonic,0.7793,0.1302,0.0058,0.0173,0.941,-0.065,0.2,0.2,0.0895,0.0895,0.54,
6,0.2,logreg,weighted + prior_fitted,0.7837,0.133,0.0277,0.029,0.907,-0.132,0.2029,0.2,0.0891,0.0891,0.57,0.9872
6,0.2,rf,weighted + prior_full,0.7882,0.1316,0.0394,0.0402,1.038,0.374,0.161,0.2,0.0875,0.0875,0.6,
6,0.2,rf,weighted + Platt,0.7881,0.1291,0.0109,0.0156,1.0,-0.0,0.2001,0.2,0.0911,0.0911,0.6,
6,0.2,rf,weighted + isotonic,0.7834,0.1294,0.0064,0.0124,0.953,-0.05,0.1998,0.2,0.0917,0.0917,0.57,
6,0.2,rf,weighted + prior_fitted,0.7882,0.1293,0.0203,0.022,1.037,-0.082,0.2159,0.2,0.0891,0.0891,0.59,0.6832
6,0.2,hgb,weighted + prior_full,0.7666,0.1357,0.0394,0.0394,0.697,-0.196,0.1788,0.2,0.0815,0.0815,0.55,
6,0.2,hgb,weighted + Platt,0.7665,0.1344,0.0216,0.0222,0.997,-0.003,0.2,0.2,0.0813,0.0813,0.6,
6,0.2,hgb,weighted + isotonic,0.7606,0.1341,0.0108,0.0151,0.94,-0.068,0.2,0.2,0.0779,0.0779,0.59,
6,0.2,hgb,weighted + prior_fitted,0.7666,0.1367,0.0362,0.0384,0.697,-0.411,0.2147,0.2,0.0801,0.0801,0.53,0.7776
6,0.3,logreg,weighted + prior_full,0.7971,0.1617,0.0409,0.046,0.938,-0.045,0.2997,0.3,0.1405,0.1783,0.6,
6,0.3,logreg,weighted + Platt,0.7968,0.162,0.044,0.0498,0.998,-0.001,0.3,0.3,0.14,0.1785,0.6,
6,0.3,logreg,weighted + isotonic,0.7934,0.1582,0.0119,0.0194,0.952,-0.03,0.2998,0.3,0.1403,0.1782,0.6,
6,0.3,logreg,weighted + prior_fitted,0.7971,0.1616,0.0401,0.0462,0.938,-0.055,0.3014,0.3,0.1401,0.1782,0.6,0.9874
6,0.3,rf,weighted + prior_full,0.7951,0.1594,0.0287,0.03,1.01,0.177,0.2737,0.3,0.1378,0.177,0.6,
6,0.3,rf,weighted + Platt,0.7948,0.1586,0.0199,0.0248,0.999,-0.001,0.3,0.3,0.1394,0.1784,0.6,
6,0.3,rf,weighted + isotonic,0.7898,0.1591,0.0088,0.016,0.885,-0.078,0.3002,0.3,0.1393,0.176,0.6,
6,0.3,rf,weighted + prior_fitted,0.7951,0.1587,0.0271,0.0293,1.01,-0.091,0.3157,0.3,0.1411,0.1761,0.6,0.6865
6,0.3,hgb,weighted + prior_full,0.7823,0.1642,0.0366,0.0366,0.773,-0.078,0.2871,0.3,0.1325,0.1687,0.6,
6,0.3,hgb,weighted + Platt,0.782,0.1634,0.0276,0.032,0.998,-0.002,0.3001,0.3,0.1305,0.1696,0.6,
6,0.3,hgb,weighted + isotonic,0.7788,0.1628,0.0089,0.0151,0.945,-0.038,0.3001,0.3,0.1308,0.17,0.6,
6,0.3,hgb,weighted + prior_fitted,0.7823,0.1647,0.0346,0.0368,0.773,-0.222,0.3144,0.3,0.13,0.1696,0.6,0.78
6,0.4,logreg,weighted + prior_full,0.786,0.1818,0.0263,0.0319,0.973,-0.008,0.3994,0.4,0.1774,0.271,0.6,
6,0.4,logreg,weighted + Platt,0.7856,0.1822,0.0278,0.0307,0.996,-0.002,0.4002,0.4,0.1767,0.2702,0.6,
6,0.4,logreg,weighted + isotonic,0.7824,0.181,0.0091,0.0165,0.96,-0.016,0.4004,0.4,0.1763,0.2698,0.6,
6,0.4,logreg,weighted + prior_fitted,0.786,0.1818,0.027,0.032,0.973,-0.013,0.4004,0.4,0.1771,0.2705,0.6,0.9871
6,0.4,rf,weighted + prior_full,0.7867,0.1791,0.0236,0.0271,1.009,0.084,0.3856,0.4,0.1851,0.2696,0.6,
6,0.4,rf,weighted + Platt,0.7862,0.179,0.0186,0.0242,0.996,-0.003,0.4002,0.4,0.1853,0.2696,0.6,
6,0.4,rf,weighted + isotonic,0.7814,0.1789,0.0084,0.0168,0.948,-0.019,0.4002,0.4,0.1841,0.27,0.6,
6,0.4,rf,weighted + prior_fitted,0.7867,0.1789,0.0219,0.0305,1.01,-0.047,0.409,0.4,0.1849,0.2711,0.6,0.6797
6,0.4,hgb,weighted + prior_full,0.7779,0.1841,0.0374,0.0403,0.794,-0.043,0.3945,0.4,0.1763,0.2671,0.6,
6,0.4,hgb,weighted + Platt,0.7775,0.1837,0.0281,0.0306,0.996,-0.003,0.4002,0.4,0.1758,0.2687,0.6,
6,0.4,hgb,weighted + isotonic,0.7749,0.1829,0.0111,0.0156,0.949,-0.019,0.4002,0.4,0.1761,0.267,0.6,
6,0.4,hgb,weighted + prior_fitted,0.7779,0.1843,0.0397,0.0397,0.794,-0.115,0.4096,0.4,0.1742,0.2684,0.6,0.7758
6,0.5,logreg,weighted + prior_full,0.7843,0.1896,0.0395,0.0446,0.994,-0.001,0.5,0.5,0.2258,0.3776,0.6,
6,0.5,logreg,weighted + Platt,0.784,0.1898,0.0392,0.0424,0.998,0.0,0.5,0.5,0.2255,0.378,0.6,
6,0.5,logreg,weighted + isotonic,0.7818,0.1881,0.0068,0.0117,0.953,-0.003,0.5001,0.5,0.2275,0.3783,0.6,
6,0.5,logreg,weighted + prior_fitted,0.7843,0.1896,0.0395,0.0446,0.994,-0.001,0.5,0.5,0.2258,0.3776,0.6,0.9865
6,0.5,rf,weighted + prior_full,0.7891,0.1856,0.0133,0.0278,1.004,0.003,0.4996,0.5,0.2298,0.382,0.6,
6,0.5,rf,weighted + Platt,0.7889,0.1857,0.0138,0.0298,1.0,-0.0,0.5,0.5,0.2295,0.3828,0.6,
6,0.5,rf,weighted + isotonic,0.7868,0.1857,0.0075,0.0129,0.955,-0.002,0.5001,0.5,0.2275,0.3817,0.6,
6,0.5,rf,weighted + prior_fitted,0.7891,0.1856,0.0133,0.0278,1.004,0.003,0.4996,0.5,0.2298,0.382,0.6,0.6574
6,0.5,hgb,weighted + prior_full,0.7772,0.1921,0.0305,0.0313,0.792,-0.006,0.4993,0.5,0.2192,0.3777,0.6,
6,0.5,hgb,weighted + Platt,0.777,0.1915,0.0273,0.0275,0.999,-0.0,0.5001,0.5,0.2182,0.379,0.6,
6,0.5,hgb,weighted + isotonic,0.7747,0.1913,0.006,0.015,0.952,-0.004,0.5005,0.5,0.2197,0.38,0.6,
6,0.5,hgb,weighted + prior_fitted,0.7772,0.1921,0.0305,0.0313,0.792,-0.006,0.4993,0.5,0.2192,0.3777,0.6,0.763
7,0.05,logreg,weighted + prior_full,0.7719,0.0461,0.0094,0.0094,0.794,-0.588,0.0534,0.05,0.0199,0.0025,0.23,
7,0.05,logreg,weighted + Platt,0.7716,0.0451,0.0053,0.0117,1.0,-0.002,0.0501,0.05,0.02,0.0011,0.6,
7,0.05,logreg,weighted + isotonic,0.763,0.0447,0.0014,0.0056,0.84,-0.405,0.0501,0.05,0.0184,0.0018,0.37,
7,0.05,logreg,weighted + prior_fitted,0.7719,0.0462,0.0084,0.0088,0.794,-0.615,0.0549,0.05,0.02,0.0022,0.22,0.9881
7,0.05,rf,weighted + prior_full,0.7495,0.0466,0.0299,0.0299,0.949,0.798,0.0202,0.05,0.0136,-0.0001,0.18,
7,0.05,rf,weighted + Platt,0.7491,0.0449,0.0054,0.0058,1.004,0.011,0.0499,0.05,0.0177,0.0008,0.32,
7,0.05,rf,weighted + isotonic,0.7383,0.045,0.0037,0.0053,0.812,-0.488,0.0503,0.05,0.0187,-0.0006,0.37,
7,0.05,rf,weighted + prior_fitted,0.7495,0.045,0.0094,0.0094,0.948,0.045,0.0423,0.05,0.0177,0.0003,0.31,0.7313
7,0.05,hgb,weighted + prior_full,0.6984,0.0472,0.0304,0.0304,0.41,-1.125,0.0253,0.05,0.0131,-0.0005,0.6,
7,0.05,hgb,weighted + Platt,0.6979,0.0461,0.0042,0.0077,0.994,-0.017,0.05,0.05,0.0127,0.0001,0.27,
7,0.05,hgb,weighted + isotonic,0.6801,0.0461,0.0018,0.0038,0.799,-0.539,0.0499,0.05,0.0134,-0.0002,0.16,
7,0.05,hgb,weighted + prior_fitted,0.6984,0.048,0.0248,0.0254,0.411,-1.366,0.0417,0.05,0.0141,-0.0027,0.15,0.7997
7,0.1,logreg,weighted + prior_full,0.7831,0.083,0.0155,0.018,0.803,-0.407,0.1033,0.1,0.0428,0.021,0.36,
7,0.1,logreg,weighted + Platt,0.7823,0.082,0.0229,0.0245,0.993,-0.015,0.1001,0.1,0.0429,0.0208,0.36,
7,0.1,logreg,weighted + isotonic,0.7772,0.0796,0.006,0.0062,0.928,-0.131,0.1002,0.1,0.0424,0.0226,0.49,
7,0.1,logreg,weighted + prior_fitted,0.7831,0.0831,0.0165,0.0174,0.803,-0.429,0.1054,0.1,0.043,0.0217,0.37,0.9874
7,0.1,rf,weighted + prior_full,0.7838,0.082,0.0404,0.0409,0.995,0.605,0.0602,0.1,0.0393,0.0162,0.49,
7,0.1,rf,weighted + Platt,0.7831,0.0792,0.0088,0.0097,0.997,-0.005,0.1,0.1,0.0434,0.0236,0.57,
7,0.1,rf,weighted + isotonic,0.7801,0.0792,0.0034,0.0067,0.902,-0.177,0.1002,0.1,0.0424,0.0237,0.52,
7,0.1,rf,weighted + prior_fitted,0.7838,0.0792,0.0123,0.014,0.995,-0.097,0.1072,0.1,0.0419,0.0243,0.59,0.6793
7,0.1,hgb,weighted + prior_full,0.7524,0.0832,0.0366,0.0366,0.592,-0.463,0.0741,0.1,0.0363,0.0167,0.35,
7,0.1,hgb,weighted + Platt,0.752,0.0817,0.0071,0.0091,0.999,-0.002,0.1,0.1,0.0357,0.0176,0.53,
7,0.1,hgb,weighted + isotonic,0.7425,0.0819,0.004,0.0074,0.901,-0.187,0.1001,0.1,0.0359,0.0176,0.45,
7,0.1,hgb,weighted + prior_fitted,0.7524,0.0846,0.0336,0.0336,0.592,-0.752,0.1055,0.1,0.0359,0.0182,0.34,0.7776
7,0.15,logreg,weighted + prior_full,0.7874,0.109,0.0249,0.0252,0.886,-0.18,0.1512,0.15,0.0678,0.0566,0.48,
7,0.15,logreg,weighted + Platt,0.7872,0.1089,0.0284,0.0331,0.995,-0.008,0.1501,0.15,0.0688,0.0565,0.51,
7,0.15,logreg,weighted + isotonic,0.7816,0.1062,0.0056,0.0088,0.945,-0.077,0.1501,0.15,0.0686,0.055,0.48,
7,0.15,logreg,weighted + prior_fitted,0.7874,0.109,0.026,0.0275,0.886,-0.2,0.1536,0.15,0.0688,0.0566,0.48,0.9871
7,0.15,rf,weighted + prior_full,0.7884,0.109,0.0416,0.0419,0.999,0.423,0.1095,0.15,0.0657,0.0539,0.57,
7,0.15,rf,weighted + Platt,0.788,0.1063,0.0145,0.019,0.998,-0.004,0.1501,0.15,0.0667,0.0558,0.47,
7,0.15,rf,weighted + isotonic,0.7848,0.1059,0.0047,0.0084,0.909,-0.129,0.1504,0.15,0.066,0.0553,0.49,
7,0.15,rf,weighted + prior_fitted,0.7884,0.1064,0.0232,0.0245,0.998,-0.132,0.1643,0.15,0.0649,0.055,0.48,0.6792
7,0.15,hgb,weighted + prior_full,0.7701,0.1096,0.0337,0.0348,0.702,-0.222,0.1271,0.15,0.0622,0.0519,0.52,
7,0.15,hgb,weighted + Platt,0.7698,0.1087,0.0184,0.0222,0.998,-0.002,0.15,0.15,0.0619,0.0519,0.48,
7,0.15,hgb,weighted + isotonic,0.766,0.1084,0.0048,0.0089,0.928,-0.103,0.1499,0.15,0.0624,0.0515,0.5,
7,0.15,hgb,weighted + prior_fitted,0.7701,0.1107,0.0321,0.0325,0.702,-0.495,0.1638,0.15,0.0621,0.0499,0.48,0.7755
7,0.2,logreg,weighted + prior_full,0.795,0.129,0.0237,0.0258,0.914,-0.105,0.2005,0.2,0.0918,0.0918,0.6,
7,0.2,logreg,weighted + Platt,0.7946,0.1291,0.0286,0.0292,0.997,-0.004,0.2,0.2,0.0912,0.0912,0.6,
7,0.2,logreg,weighted + isotonic,0.7913,0.127,0.009,0.0108,0.947,-0.058,0.2,0.2,0.0919,0.0919,0.59,
7,0.2,logreg,weighted + prior_fitted,0.795,0.129,0.0236,0.0279,0.914,-0.122,0.2026,0.2,0.0912,0.0912,0.6,0.9872
7,0.2,rf,weighted + prior_full,0.7905,0.1305,0.0405,0.0405,1.005,0.32,0.1623,0.2,0.0899,0.0899,0.54,
7,0.2,rf,weighted + Platt,0.79,0.1283,0.0183,0.0213,0.997,-0.004,0.2,0.2,0.09,0.09,0.55,
7,0.2,rf,weighted + isotonic,0.7839,0.128,0.0072,0.0111,0.937,-0.069,0.2001,0.2,0.089,0.089,0.56,
7,0.2,rf,weighted + prior_fitted,0.7905,0.1285,0.0266,0.0297,1.004,-0.122,0.2167,0.2,0.0885,0.0885,0.56,0.6832
7,0.2,hgb,weighted + prior_full,0.7733,0.1334,0.0373,0.0414,0.714,-0.165,0.1779,0.2,0.0869,0.0869,0.54,
7,0.2,hgb,weighted + Platt,0.773,0.1324,0.0226,0.0297,0.996,-0.004,0.2,0.2,0.0849,0.0849,0.55,
7,0.2,hgb,weighted + isotonic,0.7679,0.1314,0.0046,0.0122,0.953,-0.053,0.2,0.2,0.085,0.085,0.6,
7,0.2,hgb,weighted + prior_fitted,0.7733,0.1342,0.0314,0.0373,0.714,-0.385,0.2135,0.2,0.0848,0.0848,0.55,0.7776
7,0.3,logreg,weighted + prior_full,0.7847,0.1643,0.0426,0.0426,0.952,-0.034,0.2997,0.3,0.1397,0.1696,0.6,
7,0.3,logreg,weighted + Platt,0.7843,0.1646,0.0464,0.0473,0.997,-0.002,0.3,0.3,0.14,0.1696,0.6,
7,0.3,logreg,weighted + isotonic,0.7794,0.1618,0.0198,0.0209,0.94,-0.042,0.3002,0.3,0.141,0.1664,0.6,
7,0.3,logreg,weighted + prior_fitted,0.7847,0.1643,0.0436,0.0436,0.952,-0.045,0.3014,0.3,0.1399,0.1694,0.6,0.9874
7,0.3,rf,weighted + prior_full,0.7861,0.162,0.0278,0.0281,1.018,0.181,0.2735,0.3,0.1387,0.1728,0.6,
7,0.3,rf,weighted + Platt,0.7856,0.1611,0.0183,0.0202,0.997,-0.003,0.3001,0.3,0.1403,0.1718,0.6,
7,0.3,rf,weighted + isotonic,0.7831,0.161,0.0076,0.0098,0.942,-0.037,0.2996,0.3,0.1412,0.1721,0.6,
7,0.3,rf,weighted + prior_fitted,0.7861,0.1612,0.0217,0.027,1.018,-0.089,0.3164,0.3,0.139,0.1708,0.6,0.6865
7,0.3,hgb,weighted + prior_full,0.7692,0.1678,0.0356,0.0382,0.753,-0.1,0.2869,0.3,0.1323,0.1671,0.6,
7,0.3,hgb,weighted + Platt,0.7688,0.167,0.0302,0.031,0.996,-0.003,0.3001,0.3,0.1345,0.1615,0.6,
7,0.3,hgb,weighted + isotonic,0.7649,0.1666,0.0076,0.0145,0.941,-0.043,0.3002,0.3,0.1303,0.1652,0.6,
7,0.3,hgb,weighted + prior_fitted,0.7692,0.1684,0.0361,0.0429,0.753,-0.241,0.3147,0.3,0.1329,0.1648,0.6,0.78
7,0.4,logreg,weighted + prior_full,0.7895,0.1819,0.031,0.0348,0.971,-0.009,0.3996,0.4,0.173,0.2722,0.6,
7,0.4,logreg,weighted + Platt,0.7893,0.1822,0.0348,0.0384,0.997,-0.001,0.4,0.4,0.1729,0.2723,0.6,
7,0.4,logreg,weighted + isotonic,0.7848,0.1816,0.0099,0.0135,0.933,-0.02,0.3997,0.4,0.1766,0.2727,0.6,
7,0.4,logreg,weighted + prior_fitted,0.7895,0.1819,0.0308,0.035,0.971,-0.014,0.4006,0.4,0.1727,0.2723,0.6,0.9871
7,0.4,rf,weighted + prior_full,0.7945,0.1781,0.0204,0.0243,1.021,0.087,0.386,0.4,0.1807,0.2773,0.6,
7,0.4,rf,weighted + Platt,0.7941,0.178,0.0171,0.0256,0.998,-0.001,0.4,0.4,0.1811,0.2763,0.6,
7,0.4,rf,weighted + isotonic,0.7896,0.178,0.0091,0.0171,0.952,-0.016,0.4003,0.4,0.176,0.2753,0.6,
7,0.4,rf,weighted + prior_fitted,0.7945,0.1779,0.0241,0.0291,1.021,-0.046,0.4093,0.4,0.1812,0.277,0.6,0.6797
7,0.4,hgb,weighted + prior_full,0.7845,0.1835,0.0316,0.0354,0.796,-0.035,0.394,0.4,0.1758,0.2719,0.6,
7,0.4,hgb,weighted + Platt,0.7842,0.183,0.0265,0.0294,0.998,-0.001,0.4,0.4,0.1766,0.2743,0.6,
7,0.4,hgb,weighted + isotonic,0.7804,0.1821,0.0117,0.0215,0.948,-0.018,0.4003,0.4,0.1783,0.2736,0.6,
7,0.4,hgb,weighted + prior_fitted,0.7845,0.1836,0.0316,0.0348,0.796,-0.107,0.4091,0.4,0.1759,0.2748,0.6,0.7758
7,0.5,logreg,weighted + prior_full,0.7846,0.1897,0.0259,0.0297,0.989,-0.0,0.4999,0.5,0.2193,0.3825,0.6,
7,0.5,logreg,weighted + Platt,0.7845,0.1898,0.0277,0.0302,0.999,0.0,0.4999,0.5,0.2197,0.3824,0.6,
7,0.5,logreg,weighted + isotonic,0.7805,0.1898,0.0087,0.0147,0.928,-0.0,0.5,0.5,0.2183,0.385,0.6,
7,0.5,logreg,weighted + prior_fitted,0.7846,0.1897,0.0259,0.0297,0.989,-0.0,0.4999,0.5,0.2193,0.3825,0.6,0.9865
7,0.5,rf,weighted + prior_full,0.7838,0.1891,0.0123,0.0177,0.991,-0.002,0.5004,0.5,0.2173,0.3843,0.6,
7,0.5,rf,weighted + Platt,0.7836,0.1892,0.0154,0.02,0.998,0.0,0.5,0.5,0.2177,0.3843,0.6,
7,0.5,rf,weighted + isotonic,0.78,0.1894,0.0086,0.0149,0.923,-0.0,0.5001,0.5,0.2158,0.383,0.6,
7,0.5,rf,weighted + prior_fitted,0.7838,0.1891,0.0123,0.0177,0.991,-0.002,0.5004,0.5,0.2173,0.3843,0.6,0.6574
7,0.5,hgb,weighted + prior_full,0.7746,0.1945,0.034,0.034,0.783,-0.013,0.5019,0.5,0.2075,0.3812,0.6,
7,0.5,hgb,weighted + Platt,0.7743,0.1936,0.0153,0.0208,0.997,-0.0,0.5,0.5,0.2085,0.381,0.6,
7,0.5,hgb,weighted + isotonic,0.7718,0.1936,0.0122,0.0214,0.936,-0.002,0.5002,0.5,0.2103,0.3831,0.6,
7,0.5,hgb,weighted + prior_fitted,0.7746,0.1945,0.034,0.034,0.783,-0.013,0.5019,0.5,0.2075,0.3812,0.6,0.763
8,0.05,logreg,weighted + prior_full,0.7913,0.0461,0.0123,0.0142,0.781,-0.604,0.0531,0.05,0.0236,0.0013,0.22,
8,0.05,logreg,weighted + Platt,0.7893,0.045,0.0125,0.0165,0.983,-0.047,0.0502,0.05,0.0237,0.001,0.22,
8,0.05,logreg,weighted + isotonic,0.7756,0.0439,0.0023,0.0028,0.859,-0.34,0.05,0.05,0.0234,0.0029,0.49,
8,0.05,logreg,weighted + prior_fitted,0.7913,0.0461,0.0117,0.0152,0.781,-0.632,0.0546,0.05,0.024,0.002,0.22,0.9881
8,0.05,rf,weighted + prior_full,0.7721,0.0462,0.0296,0.0297,0.94,0.771,0.0204,0.05,0.0175,0.0001,0.2,
8,0.05,rf,weighted + Platt,0.7705,0.0445,0.0073,0.0073,0.995,-0.012,0.05,0.05,0.0217,-0.0,0.19,
8,0.05,rf,weighted + isotonic,0.7547,0.0444,0.0029,0.0034,0.887,-0.28,0.0499,0.05,0.0209,0.0008,0.2,
8,0.05,rf,weighted + prior_fitted,0.7721,0.0446,0.0105,0.0106,0.94,0.026,0.0424,0.05,0.0213,-0.0004,0.33,0.7313
8,0.05,hgb,weighted + prior_full,0.7321,0.0461,0.0264,0.0271,0.474,-0.898,0.0273,0.05,0.0157,0.001,0.23,
8,0.05,hgb,weighted + Platt,0.7311,0.0453,0.0038,0.0039,0.993,-0.018,0.05,0.05,0.0171,0.0003,0.24,
8,0.05,hgb,weighted + isotonic,0.7252,0.0454,0.0016,0.0053,0.867,-0.345,0.0499,0.05,0.0175,0.0012,0.23,
8,0.05,hgb,weighted + prior_fitted,0.7321,0.0469,0.0233,0.0233,0.474,-1.177,0.0443,0.05,0.0179,-0.0002,0.19,0.7997
8,0.1,logreg,weighted + prior_full,0.7787,0.0821,0.0133,0.0185,0.835,-0.338,0.1024,0.1,0.0416,0.019,0.36,
8,0.1,logreg,weighted + Platt,0.7779,0.0816,0.0182,0.0184,0.996,-0.008,0.1,0.1,0.0411,0.0189,0.44,
8,0.1,logreg,weighted + isotonic,0.7716,0.0797,0.0063,0.0129,0.937,-0.113,0.1,0.1,0.0405,0.0184,0.45,
8,0.1,logreg,weighted + prior_fitted,0.7787,0.0821,0.0137,0.0172,0.835,-0.362,0.1045,0.1,0.0416,0.0188,0.36,0.9874
8,0.1,rf,weighted + prior_full,0.7759,0.0834,0.0414,0.0414,0.992,0.576,0.0607,0.1,0.0401,0.0084,0.4,
8,0.1,rf,weighted + Platt,0.7753,0.0807,0.0111,0.0114,0.999,-0.001,0.1,0.1,0.0418,0.0223,0.32,
8,0.1,rf,weighted + isotonic,0.7687,0.0802,0.0028,0.0093,0.929,-0.126,0.0999,0.1,0.042,0.0212,0.34,
8,0.1,rf,weighted + prior_fitted,0.7759,0.0808,0.0145,0.0148,0.992,-0.123,0.1092,0.1,0.0415,0.0218,0.32,0.6793
8,0.1,hgb,weighted + prior_full,0.7525,0.0844,0.0376,0.0377,0.597,-0.473,0.0744,0.1,0.0366,0.0155,0.31,
8,0.1,hgb,weighted + Platt,0.7521,0.0826,0.0112,0.0176,0.997,-0.005,0.1,0.1,0.0379,0.017,0.3,
8,0.1,hgb,weighted + isotonic,0.7462,0.0823,0.0051,0.0081,0.913,-0.161,0.1,0.1,0.0369,0.0164,0.31,
8,0.1,hgb,weighted + prior_fitted,0.7525,0.0856,0.027,0.0275,0.597,-0.765,0.1067,0.1,0.0383,0.0178,0.31,0.7776
8,0.15,logreg,weighted + prior_full,0.7902,0.1086,0.0201,0.0234,0.887,-0.176,0.1509,0.15,0.0684,0.0547,0.5,
8,0.15,logreg,weighted + Platt,0.7896,0.1085,0.0264,0.0301,0.997,-0.005,0.1501,0.15,0.0683,0.0548,0.49,
8,0.15,logreg,weighted + isotonic,0.7839,0.1063,0.0066,0.0106,0.944,-0.077,0.15,0.15,0.0673,0.0553,0.5,
8,0.15,logreg,weighted + prior_fitted,0.7902,0.1086,0.0199,0.0241,0.886,-0.196,0.1532,0.15,0.0685,0.0546,0.5,0.9871
8,0.15,rf,weighted + prior_full,0.7869,0.1095,0.0406,0.0408,0.985,0.392,0.11,0.15,0.0639,0.049,0.53,
8,0.15,rf,weighted + Platt,0.7866,0.107,0.0123,0.0135,1.0,-0.002,0.1501,0.15,0.0677,0.0544,0.48,
8,0.15,rf,weighted + isotonic,0.7817,0.1072,0.0069,0.01,0.939,-0.086,0.1501,0.15,0.0677,0.0543,0.49,
8,0.15,rf,weighted + prior_fitted,0.7869,0.1073,0.016,0.0219,0.985,-0.156,0.1651,0.15,0.0674,0.0532,0.5,0.6792
8,0.15,hgb,weighted + prior_full,0.7629,0.1129,0.0388,0.0388,0.667,-0.275,0.1261,0.15,0.0612,0.0476,0.45,
8,0.15,hgb,weighted + Platt,0.7626,0.1112,0.0123,0.0152,0.998,-0.002,0.15,0.15,0.0606,0.0471,0.46,
8,0.15,hgb,weighted + isotonic,0.7567,0.1112,0.0051,0.0102,0.906,-0.134,0.1499,0.15,0.0623,0.0463,0.6,
8,0.15,hgb,weighted + prior_fitted,0.7629,0.1143,0.0338,0.0343,0.667,-0.535,0.1628,0.15,0.0611,0.0486,0.43,0.7755
8,0.2,logreg,weighted + prior_full,0.7999,0.1282,0.0235,0.0275,0.9,-0.125,0.2007,0.2,0.0932,0.0932,0.6,
8,0.2,logreg,weighted + Platt,0.7994,0.1285,0.0314,0.0321,0.993,-0.009,0.2002,0.2,0.0931,0.0931,0.6,
8,0.2,logreg,weighted + isotonic,0.7958,0.1256,0.0061,0.0149,0.944,-0.062,0.2001,0.2,0.0921,0.0921,0.6,
8,0.2,logreg,weighted + prior_fitted,0.7999,0.1281,0.0242,0.0285,0.9,-0.14,0.2028,0.2,0.0929,0.0929,0.6,0.9872
8,0.2,rf,weighted + prior_full,0.7887,0.128,0.0368,0.0368,1.009,0.319,0.1634,0.2,0.0932,0.0932,0.6,
8,0.2,rf,weighted + Platt,0.7883,0.126,0.0196,0.0207,1.0,-0.0,0.2,0.2,0.0918,0.0918,0.6,
8,0.2,rf,weighted + isotonic,0.784,0.1256,0.0083,0.013,0.949,-0.058,0.2002,0.2,0.0943,0.0943,0.6,
8,0.2,rf,weighted + prior_fitted,0.7887,0.1263,0.0232,0.0278,1.008,-0.124,0.2173,0.2,0.0903,0.0903,0.6,0.6832
8,0.2,hgb,weighted + prior_full,0.7734,0.1306,0.033,0.0392,0.735,-0.159,0.1811,0.2,0.0883,0.0883,0.6,
8,0.2,hgb,weighted + Platt,0.773,0.13,0.0275,0.0279,0.997,-0.004,0.2,0.2,0.0887,0.0887,0.6,
8,0.2,hgb,weighted + isotonic,0.7696,0.1289,0.0095,0.0122,0.944,-0.06,0.1995,0.2,0.0893,0.0893,0.6,
8,0.2,hgb,weighted + prior_fitted,0.7734,0.1317,0.0382,0.0426,0.735,-0.385,0.2162,0.2,0.088,0.088,0.59,0.7776
8,0.3,logreg,weighted + prior_full,0.7863,0.1648,0.032,0.0375,0.952,-0.035,0.2998,0.3,0.1349,0.1732,0.6,
8,0.3,logreg,weighted + Platt,0.7861,0.165,0.0334,0.04,0.998,-0.001,0.3,0.3,0.1341,0.1736,0.6,
8,0.3,logreg,weighted + isotonic,0.7822,0.1634,0.007,0.019,0.946,-0.039,0.3005,0.3,0.134,0.1735,0.6,
8,0.3,logreg,weighted + prior_fitted,0.7863,0.1648,0.0306,0.0369,0.952,-0.045,0.3016,0.3,0.1338,0.1729,0.6,0.9874
8,0.3,rf,weighted + prior_full,0.7855,0.1634,0.0276,0.0324,1.019,0.182,0.2734,0.3,0.1351,0.1714,0.6,
8,0.3,rf,weighted + Platt,0.7853,0.1624,0.0177,0.0201,1.0,-0.001,0.3,0.3,0.1375,0.1713,0.6,
8,0.3,rf,weighted + isotonic,0.782,0.1626,0.009,0.017,0.95,-0.034,0.3002,0.3,0.1386,0.1715,0.6,
8,0.3,rf,weighted + prior_fitted,0.7855,0.1627,0.0219,0.0228,1.019,-0.089,0.3166,0.3,0.1375,0.1715,0.6,0.6865
8,0.3,hgb,weighted + prior_full,0.7706,0.169,0.0352,0.039,0.753,-0.095,0.2865,0.3,0.1275,0.1654,0.6,
8,0.3,hgb,weighted + Platt,0.7704,0.1679,0.0159,0.0191,0.998,-0.001,0.3001,0.3,0.1261,0.1674,0.6,
8,0.3,hgb,weighted + isotonic,0.7668,0.1681,0.0102,0.022,0.929,-0.05,0.3001,0.3,0.1262,0.1676,0.6,
8,0.3,hgb,weighted + prior_fitted,0.7706,0.1697,0.0369,0.0371,0.753,-0.235,0.3144,0.3,0.125,0.166,0.6,0.78
8,0.4,logreg,weighted + prior_full,0.7955,0.1792,0.0325,0.0401,0.972,-0.009,0.3996,0.4,0.1843,0.2742,0.6,
8,0.4,logreg,weighted + Platt,0.7953,0.1795,0.0347,0.042,0.997,-0.001,0.4,0.4,0.1842,0.2732,0.6,
8,0.4,logreg,weighted + isotonic,0.7921,0.1779,0.0078,0.0198,0.942,-0.018,0.4,0.4,0.1824,0.2705,0.6,
8,0.4,logreg,weighted + prior_fitted,0.7955,0.1792,0.0349,0.0396,0.972,-0.014,0.4005,0.4,0.1857,0.2742,0.6,0.9871
8,0.4,rf,weighted + prior_full,0.8,0.1756,0.0284,0.0293,1.024,0.087,0.3862,0.4,0.1904,0.2776,0.6,
8,0.4,rf,weighted + Platt,0.8,0.1753,0.0193,0.0228,1.0,0.0,0.4,0.4,0.1896,0.2781,0.6,
8,0.4,rf,weighted + isotonic,0.7971,0.1754,0.0089,0.0143,0.962,-0.012,0.4002,0.4,0.1884,0.2767,0.6,
8,0.4,rf,weighted + prior_fitted,0.8,0.1753,0.0181,0.0235,1.024,-0.046,0.4093,0.4,0.1891,0.2772,0.6,0.6797
8,0.4,hgb,weighted + prior_full,0.7896,0.1808,0.0348,0.0373,0.809,-0.024,0.3927,0.4,0.1772,0.2731,0.6,
8,0.4,hgb,weighted + Platt,0.7896,0.1803,0.0241,0.0258,1.0,-0.0,0.4,0.4,0.1791,0.2752,0.6,
8,0.4,hgb,weighted + isotonic,0.7858,0.18,0.007,0.0119,0.94,-0.018,0.4,0.4,0.1766,0.2735,0.6,
8,0.4,hgb,weighted + prior_fitted,0.7896,0.1808,0.0262,0.0289,0.809,-0.097,0.4076,0.4,0.1795,0.2737,0.6,0.7758
8,0.5,logreg,weighted + prior_full,0.7969,0.1839,0.0246,0.0314,0.994,-0.001,0.5002,0.5,0.2273,0.3832,0.6,
8,0.5,logreg,weighted + Platt,0.7968,0.184,0.0245,0.0326,1.0,0.0,0.5,0.5,0.2277,0.383,0.6,
8,0.5,logreg,weighted + isotonic,0.7937,0.1838,0.0053,0.0141,0.943,-0.004,0.5002,0.5,0.2283,0.3847,0.6,
8,0.5,logreg,weighted + prior_fitted,0.7969,0.1839,0.0246,0.0314,0.994,-0.001,0.5002,0.5,0.2273,0.3832,0.6,0.9865
8,0.5,rf,weighted + prior_full,0.8037,0.1792,0.0194,0.0271,1.036,0.005,0.4994,0.5,0.2342,0.3869,0.6,
8,0.5,rf,weighted + Platt,0.8036,0.1792,0.0204,0.0266,1.0,0.0,0.4999,0.5,0.2335,0.386,0.6,
8,0.5,rf,weighted + isotonic,0.7998,0.1793,0.0115,0.017,0.93,-0.004,0.4999,0.5,0.23,0.3865,0.6,
8,0.5,rf,weighted + prior_fitted,0.8037,0.1792,0.0194,0.0271,1.036,0.005,0.4994,0.5,0.2342,0.3869,0.6,0.6574
8,0.5,hgb,weighted + prior_full,0.7993,0.1819,0.0258,0.0286,0.831,-0.016,0.5013,0.5,0.2355,0.3847,0.6,
8,0.5,hgb,weighted + Platt,0.799,0.1818,0.0208,0.0239,0.998,0.0,0.5,0.5,0.2363,0.3847,0.6,
8,0.5,hgb,weighted + isotonic,0.7961,0.1817,0.0055,0.0195,0.948,-0.002,0.4998,0.5,0.2372,0.3862,0.6,
8,0.5,hgb,weighted + prior_fitted,0.7993,0.1819,0.0258,0.0286,0.831,-0.016,0.5013,0.5,0.2355,0.3847,0.6,0.763
9,0.05,logreg,weighted + prior_full,0.7824,0.0468,0.0115,0.0132,0.743,-0.722,0.054,0.05,0.0225,0.0016,0.22,
9,0.05,logreg,weighted + Platt,0.7812,0.0453,0.0077,0.0155,0.992,-0.024,0.0501,0.05,0.0222,0.0008,0.2,
9,0.05,logreg,weighted + isotonic,0.7726,0.0443,0.0007,0.0081,0.868,-0.323,0.05,0.05,0.0219,0.0026,0.3,
9,0.05,logreg,weighted + prior_fitted,0.7824,0.0469,0.0106,0.0136,0.743,-0.746,0.0555,0.05,0.0226,0.0018,0.21,0.9881
9,0.05,rf,weighted + prior_full,0.7595,0.0463,0.0299,0.0306,0.869,0.513,0.0206,0.05,0.0158,-0.0003,0.13,
9,0.05,rf,weighted + Platt,0.7593,0.0448,0.0081,0.0095,1.003,0.008,0.0499,0.05,0.0204,0.0001,0.2,
9,0.05,rf,weighted + isotonic,0.7565,0.0443,0.0026,0.0066,0.923,-0.192,0.05,0.05,0.0188,0.003,0.22,
9,0.05,rf,weighted + prior_fitted,0.7595,0.0449,0.0099,0.0144,0.869,-0.175,0.0427,0.05,0.0186,0.0003,0.2,0.7313
9,0.05,hgb,weighted + prior_full,0.7169,0.0467,0.0276,0.0278,0.464,-0.975,0.0273,0.05,0.0146,-0.0002,0.19,
9,0.05,hgb,weighted + Platt,0.7169,0.0457,0.0065,0.0065,1.0,-0.0,0.05,0.05,0.0156,-0.0008,0.18,
9,0.05,hgb,weighted + isotonic,0.7103,0.0455,0.002,0.0034,0.875,-0.328,0.0498,0.05,0.0149,0.0002,0.2,
9,0.05,hgb,weighted + prior_fitted,0.7169,0.0473,0.0216,0.022,0.464,-1.248,0.0447,0.05,0.0155,0.0003,0.2,0.7997
9,0.1,logreg,weighted + prior_full,0.7733,0.0808,0.0197,0.0213,0.856,-0.294,0.1017,0.1,0.0444,0.0243,0.39,
9,0.1,logreg,weighted + Platt,0.7728,0.0803,0.0236,0.0236,0.996,-0.01,0.1001,0.1,0.0441,0.0236,0.41,
9,0.1,logreg,weighted + isotonic,0.7642,0.079,0.0038,0.0064,0.906,-0.171,0.1,0.1,0.0439,0.026,0.46,
9,0.1,logreg,weighted + prior_fitted,0.7733,0.0808,0.0191,0.02,0.857,-0.315,0.1038,0.1,0.0444,0.025,0.39,0.9874
9,0.1,rf,weighted + prior_full,0.758,0.0823,0.0393,0.0394,0.955,0.481,0.0615,0.1,0.0392,0.0163,0.38,
9,0.1,rf,weighted + Platt,0.7578,0.0798,0.0098,0.0166,0.997,-0.005,0.1,0.1,0.041,0.0247,0.41,
9,0.1,rf,weighted + isotonic,0.7512,0.0798,0.0041,0.0091,0.894,-0.198,0.1002,0.1,0.0411,0.0241,0.39,
9,0.1,rf,weighted + prior_fitted,0.758,0.0799,0.0138,0.0188,0.955,-0.192,0.1094,0.1,0.0401,0.0248,0.41,0.6793
9,0.1,hgb,weighted + prior_full,0.7274,0.0838,0.0371,0.0377,0.578,-0.515,0.0729,0.1,0.0341,0.0173,0.35,
9,0.1,hgb,weighted + Platt,0.7271,0.0824,0.011,0.0175,0.999,-0.002,0.1,0.1,0.0363,0.0186,0.5,
9,0.1,hgb,weighted + isotonic,0.7225,0.0825,0.0043,0.011,0.861,-0.27,0.1,0.1,0.0361,0.0182,0.42,
9,0.1,hgb,weighted + prior_fitted,0.7274,0.085,0.0274,0.0351,0.577,-0.798,0.1042,0.1,0.037,0.019,0.35,0.7776
9,0.15,logreg,weighted + prior_full,0.7754,0.1104,0.0214,0.026,0.903,-0.151,0.1505,0.15,0.0658,0.0534,0.49,
9,0.15,logreg,weighted + Platt,0.7746,0.1105,0.0255,0.0299,0.993,-0.012,0.1501,0.15,0.0658,0.0528,0.49,
9,0.15,logreg,weighted + isotonic,0.7688,0.1084,0.0062,0.0114,0.928,-0.101,0.15,0.15,0.0648,0.055,0.46,
9,0.15,logreg,weighted + prior_fitted,0.7754,0.1104,0.0227,0.0278,0.903,-0.171,0.1529,0.15,0.066,0.0541,0.49,0.9871
9,0.15,rf,weighted + prior_full,0.775,0.1106,0.0412,0.0412,1.02,0.453,0.1096,0.15,0.0656,0.0522,0.49,
9,0.15,rf,weighted + Platt,0.7742,0.1079,0.0139,0.0203,0.994,-0.01,0.1501,0.15,0.067,0.0566,0.49,
9,0.15,rf,weighted + isotonic,0.7705,0.1075,0.0096,0.0162,0.935,-0.09,0.1499,0.15,0.068,0.0555,0.47,
9,0.15,rf,weighted + prior_fitted,0.775,0.108,0.0215,0.0262,1.02,-0.115,0.1658,0.15,0.0642,0.055,0.47,0.6792
9,0.15,hgb,weighted + prior_full,0.7507,0.1124,0.0376,0.0376,0.668,-0.275,0.1248,0.15,0.0606,0.0484,0.47,
9,0.15,hgb,weighted + Platt,0.7499,0.1115,0.0183,0.0223,0.989,-0.016,0.15,0.15,0.0572,0.0482,0.6,
9,0.15,hgb,weighted + isotonic,0.7452,0.1111,0.0053,0.0127,0.909,-0.136,0.1503,0.15,0.0604,0.0469,0.53,
9,0.15,hgb,weighted + prior_fitted,0.7507,0.1136,0.0359,0.036,0.668,-0.535,0.1618,0.15,0.0581,0.0483,0.43,0.7755
9,0.2,logreg,weighted + prior_full,0.7906,0.1299,0.0246,0.0335,0.912,-0.105,0.2,0.2,0.0902,0.0902,0.6,
9,0.2,logreg,weighted + Platt,0.7896,0.1302,0.0313,0.0342,0.992,-0.011,0.2001,0.2,0.0909,0.0909,0.6,
9,0.2,logreg,weighted + isotonic,0.7856,0.1279,0.0061,0.0145,0.941,-0.066,0.2,0.2,0.0927,0.0927,0.59,
9,0.2,logreg,weighted + prior_fitted,0.7906,0.1298,0.0268,0.0305,0.912,-0.122,0.2022,0.2,0.0914,0.0914,0.6,0.9872
9,0.2,rf,weighted + prior_full,0.7897,0.1286,0.0374,0.0375,1.012,0.32,0.1637,0.2,0.0899,0.0899,0.59,
9,0.2,rf,weighted + Platt,0.7889,0.1268,0.0142,0.0195,0.994,-0.008,0.2001,0.2,0.0936,0.0936,0.6,
9,0.2,rf,weighted + isotonic,0.7838,0.1274,0.0104,0.0124,0.935,-0.072,0.2,0.2,0.0931,0.0931,0.59,
9,0.2,rf,weighted + prior_fitted,0.7897,0.1269,0.0199,0.0256,1.012,-0.124,0.2179,0.2,0.0928,0.0928,0.6,0.6832
9,0.2,hgb,weighted + prior_full,0.7709,0.1315,0.0329,0.0347,0.742,-0.142,0.1787,0.2,0.0874,0.0874,0.6,
9,0.2,hgb,weighted + Platt,0.7704,0.1309,0.0246,0.0253,0.994,-0.007,0.2001,0.2,0.087,0.087,0.6,
9,0.2,hgb,weighted + isotonic,0.7659,0.1304,0.0084,0.0182,0.951,-0.056,0.2,0.2,0.0852,0.0852,0.59,
9,0.2,hgb,weighted + prior_fitted,0.7709,0.1323,0.0369,0.037,0.742,-0.37,0.2142,0.2,0.0871,0.0871,0.57,0.7776
9,0.3,logreg,weighted + prior_full,0.7924,0.1636,0.0401,0.0467,0.933,-0.05,0.2999,0.3,0.1372,0.1752,0.6,
9,0.3,logreg,weighted + Platt,0.7923,0.1639,0.0439,0.0515,0.998,-0.002,0.3,0.3,0.137,0.174,0.6,
9,0.3,logreg,weighted + isotonic,0.7893,0.1606,0.0067,0.0141,0.949,-0.033,0.2999,0.3,0.1355,0.1745,0.6,
9,0.3,logreg,weighted + prior_fitted,0.7924,0.1635,0.041,0.0464,0.933,-0.06,0.3016,0.3,0.1374,0.1748,0.6,0.9874
9,0.3,rf,weighted + prior_full,0.7932,0.1604,0.0281,0.0299,1.029,0.198,0.2724,0.3,0.1391,0.1753,0.6,
9,0.3,rf,weighted + Platt,0.7931,0.1593,0.022,0.0243,1.0,-0.001,0.3,0.3,0.1385,0.1744,0.6,
9,0.3,rf,weighted + isotonic,0.7873,0.1597,0.0131,0.0213,0.953,-0.033,0.3004,0.3,0.1343,0.1769,0.6,
9,0.3,rf,weighted + prior_fitted,0.7932,0.1595,0.0269,0.027,1.029,-0.075,0.315,0.3,0.14,0.172,0.6,0.6865
9,0.3,hgb,weighted + prior_full,0.7852,0.1637,0.0338,0.0376,0.784,-0.054,0.2845,0.3,0.1343,0.1712,0.6,
9,0.3,hgb,weighted + Platt,0.7851,0.1631,0.0316,0.0316,0.999,-0.001,0.3001,0.3,0.1334,0.1701,0.6,
9,0.3,hgb,weighted + isotonic,0.7805,0.1623,0.0073,0.0104,0.956,-0.033,0.3006,0.3,0.133,0.171,0.6,
9,0.3,hgb,weighted + prior_fitted,0.7852,0.1639,0.0346,0.0347,0.784,-0.2,0.3118,0.3,0.1329,0.171,0.6,0.78
9,0.4,logreg,weighted + prior_full,0.7912,0.1808,0.0307,0.0329,0.977,-0.006,0.3995,0.4,0.1776,0.2737,0.6,
9,0.4,logreg,weighted + Platt,0.791,0.181,0.0318,0.0336,0.998,-0.001,0.4,0.4,0.1773,0.2731,0.6,
9,0.4,logreg,weighted + isotonic,0.7873,0.1802,0.0097,0.0124,0.936,-0.02,0.3999,0.4,0.1733,0.2778,0.6,
9,0.4,logreg,weighted + prior_fitted,0.7912,0.1808,0.0314,0.0334,0.977,-0.011,0.4005,0.4,0.1779,0.2733,0.6,0.9871
9,0.4,rf,weighted + prior_full,0.8006,0.1758,0.0251,0.0267,1.035,0.099,0.3851,0.4,0.1858,0.2796,0.6,
9,0.4,rf,weighted + Platt,0.8002,0.1755,0.0192,0.0247,0.997,-0.001,0.4,0.4,0.1878,0.2787,0.6,
9,0.4,rf,weighted + isotonic,0.7966,0.1753,0.0085,0.0159,0.95,-0.018,0.4004,0.4,0.1873,0.281,0.6,
9,0.4,rf,weighted + prior_fitted,0.8006,0.1754,0.0258,0.0307,1.035,-0.036,0.4083,0.4,0.189,0.2785,0.6,0.6797
9,0.4,hgb,weighted + prior_full,0.7905,0.1806,0.0308,0.0344,0.798,-0.03,0.3925,0.4,0.1823,0.2751,0.6,
9,0.4,hgb,weighted + Platt,0.7901,0.1803,0.0273,0.0291,0.995,-0.002,0.4001,0.4,0.1824,0.2735,0.6,
9,0.4,hgb,weighted + isotonic,0.7865,0.1799,0.0102,0.0185,0.914,-0.031,0.4003,0.4,0.1818,0.2747,0.6,
9,0.4,hgb,weighted + prior_fitted,0.7905,0.1806,0.0283,0.0335,0.798,-0.103,0.4073,0.4,0.1834,0.2757,0.6,0.7758
9,0.5,logreg,weighted + prior_full,0.7897,0.1873,0.0364,0.0377,0.992,-0.001,0.5,0.5,0.2315,0.3828,0.6,
9,0.5,logreg,weighted + Platt,0.7894,0.1875,0.037,0.0395,0.997,-0.0,0.5,0.5,0.2312,0.3834,0.6,
9,0.5,logreg,weighted + isotonic,0.7867,0.1862,0.0111,0.0156,0.934,-0.003,0.5001,0.5,0.2342,0.382,0.6,
9,0.5,logreg,weighted + prior_fitted,0.7897,0.1873,0.0364,0.0377,0.992,-0.001,0.5,0.5,0.2315,0.3828,0.6,0.9865
9,0.5,rf,weighted + prior_full,0.792,0.1849,0.0115,0.014,1.01,0.005,0.4992,0.5,0.2268,0.3827,0.6,
9,0.5,rf,weighted + Platt,0.792,0.1849,0.011,0.0143,1.0,0.0,0.5,0.5,0.2267,0.3828,0.6,
9,0.5,rf,weighted + isotonic,0.7874,0.1857,0.0096,0.0205,0.953,-0.001,0.5,0.5,0.23,0.3832,0.6,
9,0.5,rf,weighted + prior_fitted,0.792,0.1849,0.0115,0.014,1.01,0.005,0.4992,0.5,0.2268,0.3827,0.6,0.6574
9,0.5,hgb,weighted + prior_full,0.7839,0.1893,0.032,0.0379,0.799,-0.005,0.4995,0.5,0.2235,0.3785,0.6,
9,0.5,hgb,weighted + Platt,0.7839,0.1887,0.0263,0.0324,1.0,0.0,0.5,0.5,0.222,0.3808,0.6,
9,0.5,hgb,weighted + isotonic,0.7797,0.1881,0.0057,0.0219,0.94,-0.002,0.5,0.5,0.225,0.3798,0.6,
9,0.5,hgb,weighted + prior_fitted,0.7839,0.1893,0.032,0.0379,0.799,-0.005,0.4995,0.5,0.2235,0.3785,0.6,0.763
